Seed,Listed Name,Team,Grade,Record,Scoring,Weight,Last Name,First Name,Name,Wgt-Seed,Full Listing,Points,,,,,,,,,,,
1,"Lilledahl, Luke",Penn State,,20-0,Yes,125,Lilledahl,Luke,Luke Lilledahl,125lbs-1,#1 Luke Lilledahl (PSU) 20-0,0,,,,,,,,,,,
2,"Ventresca, Eddie",Virginia Tech,,19-2,Yes,125,Ventresca,Eddie,Eddie Ventresca,125lbs-2,#2 Eddie Ventresca (VT) 19-2,0,,,,,,,,,,,
3,"Bouzakis, Nic",Ohio State,,16-2,Yes,125,Bouzakis,Nic,Nic Bouzakis,125lbs-3,#3 Nic Bouzakis (OHST) 16-2,0,,,,,,,,,,,
4,"Seymour, Sheldon",Lehigh,,19-0,Yes,125,Seymour,Sheldon,Sheldon Seymour,125lbs-4,#4 Sheldon Seymour (LEH) 19-0,0,,,,,,,,,,,
5,"Spratley, Troy",Oklahoma State,,16-3,Yes,125,Spratley,Troy,Troy Spratley,125lbs-5,#5 Troy Spratley (OKST) 16-3,0,,,,,,,,,,,
6,"Volk, Jore",Minnesota,,22-5,Yes,125,Volk,Jore,Jore Volk,125lbs-6,#6 Jore Volk (MINN) 22-5,0,,,,,,,,,,,
7,"Provo, Nico",Stanford,,13-5,Yes,125,Provo,Nico,Nico Provo,125lbs-7,#7 Nico Provo (STAN) 13-5,0,,,,,,,,,,,
8,"Peterson, Dean",Iowa,,14-6,Yes,125,Peterson,Dean,Dean Peterson,125lbs-8,#8 Dean Peterson (IOWA) 14-6,0,,,,,,,,,,,
9,"Renteria, Maximo",Oregon State,,20-3,Yes,125,Renteria,Maximo,Maximo Renteria,125lbs-9,#9 Maximo Renteria (ORST) 20-3,0,,,,,,,,,,,
10,"McGowan, Marc-Anthony",Princeton,,15-6,Yes,125,McGowan,Marc-Anthony,Marc-Anthony McGowan,125lbs-10,#10 Marc-Anthony McGowan (PRIN) 15-6,0,,,,,,,,,,,
11,"Klinsky, Tyler",Rider,,26-3,Yes,125,Klinsky,Tyler,Tyler Klinsky,125lbs-11,#11 Tyler Klinsky (RID) 26-3,0,,,,,,,,,,,
12,"Robinson, Vincent",NC State,,15-4,Yes,125,Robinson,Vincent,Vincent Robinson,125lbs-12,#12 Vincent Robinson (NCST) 15-4,0,,,,,,,,,,,
13,"Poulin, Stevo",Iowa State,,15-7,Yes,125,Poulin,Stevo,Stevo Poulin,125lbs-13,#13 Stevo Poulin (ISU) 15-7,0,,,,,,,,,,,
14,"Moran, Jacob",Indiana,,17-5,Yes,125,Moran,Jacob,Jacob Moran,125lbs-14,#14 Jacob Moran (IND) 17-5,0,,,,,,,,,,,
15,"Holeman, Koda",Cal Poly,,19-5,Yes,125,Holeman,Koda,Koda Holeman,125lbs-15,#15 Koda Holeman (CP) 19-5,0,,,,,,,,,,,
16,"Witt, Ezekiel",North Dakota State,,23-11,Yes,125,Witt,Ezekiel,Ezekiel Witt,125lbs-16,#16 Ezekiel Witt (NDSU) 23-11,0,,,,,,,,,,,
17,"Strickenberger, Jett",West Virginia,,19-7,Yes,125,Strickenberger,Jett,Jett Strickenberger,125lbs-17,#17 Jett Strickenberger (WVU) 19-7,0,,,,,,,,,,,
18,"Moore, Spencer",Illinois,,17-8,Yes,125,Moore,Spencer,Spencer Moore,125lbs-18,#18 Spencer Moore (ILL) 17-8,0,,,,,,,,,,,
19,"Terukina, Kysen",North Carolina,,15-6,Yes,125,Terukina,Kysen,Kysen Terukina,125lbs-19,#19 Kysen Terukina (UNC) 15-6,0,,,,,,,,,,,
20,"Sotelo, Diego",Michigan,,13-12,Yes,125,Sotelo,Diego,Diego Sotelo,125lbs-20,#20 Diego Sotelo (MICH) 13-12,0,,,,,,,,,,,
21,"Hendriksen, Conrad",Oklahoma,,15-12,Yes,125,Hendriksen,Conrad,Conrad Hendriksen,125lbs-21,#21 Conrad Hendriksen (OU) 15-12,0,,,,,,,,,,,
22,"Motyka, Davis",Penn,,17-5,Yes,125,Motyka,Davis,Davis Motyka,125lbs-22,#22 Davis Motyka (PENN) 17-5,0,,,,,,,,,,,
23,"Rivera, Nicolar",Wisconsin,,18-7,Yes,125,Rivera,Nicolar,Nicolar Rivera,125lbs-23,#23 Nicolar Rivera (WISC) 18-7,0,,,,,,,,,,,
24,"Smith, Ayden",Rutgers,,16-11,Yes,125,Smith,Ayden,Ayden Smith,125lbs-24,#24 Ayden Smith (RUT) 16-11,0,,,,,,,,,,,
25,"Lauridsen, Kael",Nebraska,,16-11,Yes,125,Lauridsen,Kael,Kael Lauridsen,125lbs-25,#25 Kael Lauridsen (NEB) 16-11,0,,,,,,,,,,,
26,"Flynn, Cooper",Chattanooga,,18-4,Yes,125,Flynn,Cooper,Cooper Flynn,125lbs-26,#26 Cooper Flynn (CHAT) 18-4,0,,,,,,,,,,,
27,"Roark, Brady",South Dakota State,,21-7,Yes,125,Roark,Brady,Brady Roark,125lbs-27,#27 Brady Roark (SDSU) 21-7,0,,,,,,,,,,,
28,"Binni, Andrew",Navy,,17-9,Yes,125,Binni,Andrew,Andrew Binni,125lbs-28,#28 Andrew Binni (NAVY) 17-9,0,,,,,,,,,,,
29,"Chappell, Tyler",Pittsburgh,,13-13,Yes,125,Chappell,Tyler,Tyler Chappell,125lbs-29,#29 Tyler Chappell (PITT) 13-13,0,,,,,,,,,,,
30,"Bah, Sulayman",Columbia,,23-12,Yes,125,Bah,Sulayman,Sulayman Bah,125lbs-30,#30 Sulayman Bah (COL) 23-12,0,,,,,,,,,,,
31,"Pleasant, Desmond",Drexel,,23-8,Yes,125,Pleasant,Desmond,Desmond Pleasant,125lbs-31,#31 Desmond Pleasant (DREX) 23-8,0,,,,,,,,,,,
32,"Mauger, Mack",Missouri,,22-14,Yes,125,Mauger,Mack,Mack Mauger,125lbs-32,#32 Mack Mauger (MIZZ) 22-14,0,,,,,,,,,,,
33,"Schafer, Jace",Bloomsburg,,23-8,Yes,125,Schafer,Jace,Jace Schafer,125lbs-33,#33 Jace Schafer (BLM) 23-8,0,,,,,,,,,,,
1,"Forrest, Jax",Oklahoma State,,13-0,Yes,133,Forrest,Jax,Jax Forrest,133lbs-1,#1 Jax Forrest (OKST) 13-0,0,,,,,,,,,,,
2,"Davino, Ben",Ohio State,,27-1,Yes,133,Davino,Ben,Ben Davino,133lbs-2,#2 Ben Davino (OHST) 27-1,0,,,,,,,,,,,
3,"Blaze, Marcus",Penn State,,21-1,Yes,133,Blaze,Marcus,Marcus Blaze,133lbs-3,#3 Marcus Blaze (PSU) 21-1,0,,,,,,,,,,,
4,"Seidel, Aaron",Virginia Tech,,18-1,Yes,133,Seidel,Aaron,Aaron Seidel,133lbs-4,#4 Aaron Seidel (VT) 18-1,0,,,,,,,,,,,
5,"Larkin, Kyler",Arizona State,,18-2,Yes,133,Larkin,Kyler,Kyler Larkin,133lbs-5,#5 Kyler Larkin (ASU) 18-2,0,,,,,,,,,,,
6,"Ayala, Drake",Iowa,,13-8,Yes,133,Ayala,Drake,Drake Ayala,133lbs-6,#6 Drake Ayala (IOWA) 13-8,0,,,,,,,,,,,
7,"Byrd, Lucas",Illinois,,20-2,Yes,133,Byrd,Lucas,Lucas Byrd,133lbs-7,#7 Lucas Byrd (ILL) 20-2,0,,,,,,,,,,,
8,"Baker, Markel",Northern Illinois,,26-4,Yes,133,Baker,Markel,Markel Baker,133lbs-8,#8 Markel Baker (NIU) 26-4,0,,,,,,,,,,,
9,"Serrano, Dominick",Northern Colorado,,15-3,Yes,133,Serrano,Dominick,Dominick Serrano,133lbs-9,#9 Dominick Serrano (UNCO) 15-3,0,,,,,,,,,,,
10,"Leete, Maximilian",American,,16-5,Yes,133,Leete,Maximilian,Maximilian Leete,133lbs-10,#10 Maximilian Leete (AMER) 16-5,0,,,,,,,,,,,
11,"Ferrara, Tyler",Cornell,,23-7,Yes,133,Ferrara,Tyler,Tyler Ferrara,133lbs-11,#11 Tyler Ferrara (COR) 23-7,0,,,,,,,,,,,
12,"Mougalian, Evan",Penn,,21-5,Yes,133,Mougalian,Evan,Evan Mougalian,133lbs-12,#12 Evan Mougalian (PENN) 21-5,0,,,,,,,,,,,
13,"Van Dee, Jacob",Nebraska,,17-6,Yes,133,Van Dee,Jacob,Jacob Van Dee,133lbs-13,#13 Jacob Van Dee (NEB) 17-6,0,,,,,,,,,,,
14,"Berginc, Ethan",Army West Point,,16-6,Yes,133,Berginc,Ethan,Ethan Berginc,133lbs-14,#14 Ethan Berginc (ARMY) 16-6,0,,,,,,,,,,,
15,"Knox, Tyler",Stanford,,14-5,Yes,133,Knox,Tyler,Tyler Knox,133lbs-15,#15 Tyler Knox (STAN) 14-5,0,,,,,,,,,,,
16,"Fugitt, Zan",Wisconsin,,20-6,Yes,133,Fugitt,Zan,Zan Fugitt,133lbs-16,#16 Zan Fugitt (WISC) 20-6,0,,,,,,,,,,,
17,"Davis, T.K.",Gardner-Webb,,24-1,Yes,133,Davis,T.K.,T.K. Davis,133lbs-17,#17 T.K. Davis (GWU) 24-1,0,,,,,,,,,,,
18,"Andrick, Gunner",West Virginia,,24-8,Yes,133,Andrick,Gunner,Gunner Andrick,133lbs-18,#18 Gunner Andrick (WVU) 24-8,0,,,,,,,,,,,
19,"Walker, Gage",Missouri,,17-7,Yes,133,Walker,Gage,Gage Walker,133lbs-19,#19 Gage Walker (MIZZ) 17-7,0,,,,,,,,,,,
20,"Farber, Julian",Northern Iowa,,18-9,Yes,133,Farber,Julian,Julian Farber,133lbs-20,#20 Julian Farber (UNI) 18-9,0,,,,,,,,,,,
21,"Spidle, Sean",Northwestern,,15-8,Yes,133,Spidle,Sean,Sean Spidle,133lbs-21,#21 Sean Spidle (NW) 15-8,0,,,,,,,,,,,
22,"Redding, Zach",NC State,,8-Dec,Yes,133,Redding,Zach,Zach Redding,133lbs-22,#22 Zach Redding (NCST) 12-8,0,,,,,,,,,,,
23,"Brown, Braxton",Maryland,,17-9,Yes,133,Brown,Braxton,Braxton Brown,133lbs-23,#23 Braxton Brown (MARY) 17-9,0,,,,,,,,,,,
24,"Boarman, Blake",Purdue,,15-Dec,Yes,133,Boarman,Blake,Blake Boarman,133lbs-24,#24 Blake Boarman (PUR) 12-15,0,,,,,,,,,,,
25,"Betancourt, Will",Rider,,23-8,Yes,133,Betancourt,Will,Will Betancourt,133lbs-25,#25 Will Betancourt (RID) 23-8,0,,,,,,,,,,,
26,"Shawver, Dylan",Rutgers,,20-11,Yes,133,Shawver,Dylan,Dylan Shawver,133lbs-26,#26 Dylan Shawver (RUT) 20-11,0,,,,,,,,,,,
27,"Lopez, Marcel",SIU Edwardsville,,26-9,Yes,133,Lopez,Marcel,Marcel Lopez,133lbs-27,#27 Marcel Lopez (SIUE) 26-9,0,,,,,,,,,,,
28,"Grice, Garrett",Iowa State,,3-Jun,Yes,133,Grice,Garrett,Garrett Grice,133lbs-28,#28 Garrett Grice (ISU) 6-3,0,,,,,,,,,,,
29,"Willochell, Luke",Wyoming,,15-10,Yes,133,Willochell,Luke,Luke Willochell,133lbs-29,#29 Luke Willochell (WYO) 15-10,0,,,,,,,,,,,
30,"Whisenhunt, Gabe",Oregon State,,8-Sep,Yes,133,Whisenhunt,Gabe,Gabe Whisenhunt,133lbs-30,#30 Gabe Whisenhunt (ORST) 8-Sep,0,,,,,,,,,,,
31,"Strickland, Gable",Lock Haven,,26-9,Yes,133,Strickland,Gable,Gable Strickland,133lbs-31,#31 Gable Strickland (LHU) 26-9,0,,,,,,,,,,,
32,"Austin, Andrew",Central Michigan,,20-13,Yes,133,Austin,Andrew,Andrew Austin,133lbs-32,#32 Andrew Austin (CMU) 20-13,0,,,,,,,,,,,
33,"Schmidt, Carter",Oklahoma,,14-Jul,Yes,133,Schmidt,Carter,Carter Schmidt,133lbs-33,#33 Carter Schmidt (OU) 7-14,0,,,,,,,,,,,
1,"Mendez, Jesse",Ohio State,,22-0,Yes,141,Mendez,Jesse,Jesse Mendez,141lbs-1,#1 Jesse Mendez (OHST) 22-0,28.5,,,,,,,,,,,
2,"Vega, Sergio",Oklahoma State,,19-0,Yes,141,Vega,Sergio,Sergio Vega,141lbs-2,#2 Sergio Vega (OKST) 19-0,0,,,,,,,,,,,
3,"Hardy, Brock",Nebraska,,20-5,Yes,141,Hardy,Brock,Brock Hardy,141lbs-3,#3 Brock Hardy (NEB) 20-5,0,,,,,,,,,,,
4,"Echemendia, Anthony",Iowa State,,19-3,Yes,141,Echemendia,Anthony,Anthony Echemendia,141lbs-4,#4 Anthony Echemendia (ISU) 19-3,0,,,,,,,,,,,
5,"Stanich, Luke",Lehigh,,13-0,Yes,141,Stanich,Luke,Luke Stanich,141lbs-5,#5 Luke Stanich (LEH) 13-0,0,,,,,,,,,,,
6,"Cornella, Vince",Cornell,,19-1,Yes,141,Cornella,Vince,Vince Cornella,141lbs-6,#6 Vince Cornella (COR) 19-1,0,,,,,,,,,,,
7,"Bailey, Nasir",Iowa,,14-7,Yes,141,Bailey,Nasir,Nasir Bailey,141lbs-7,#7 Nasir Bailey (IOWA) 14-7,0,,,,,,,,,,,
8,"Vombaur, Vance",Minnesota,,21-6,Yes,141,Vombaur,Vance,Vance Vombaur,141lbs-8,#8 Vance Vombaur (MINN) 21-6,0,,,,,,,,,,,
9,"Olivieri, Joey",Rutgers,,19-2,Yes,141,Olivieri,Joey,Joey Olivieri,141lbs-9,#9 Joey Olivieri (RUT) 19-2,0,,,,,,,,,,,
10,"Consiglio, Jack",Stanford,,14-5,Yes,141,Consiglio,Jack,Jack Consiglio,141lbs-10,#10 Jack Consiglio (STAN) 14-5,0,,,,,,,,,,,
11,"Composto, CJ",Penn,,16-4,Yes,141,Composto,CJ,CJ Composto,141lbs-11,#11 CJ Composto (PENN) 16-4,0,,,,,,,,,,,
12,"Simcox, Luke",North Carolina,,16-6,Yes,141,Simcox,Luke,Luke Simcox,141lbs-12,#12 Luke Simcox (UNC) 16-6,0,,,,,,,,,,,
13,"Henson, Wyatt",Lock Haven,,24-5,Yes,141,Henson,Wyatt,Wyatt Henson,141lbs-13,#13 Wyatt Henson (LHU) 24-5,0,,,,,,,,,,,
14,"Davis, Braeden",Penn State,,5-Dec,Yes,141,Davis,Braeden,Braeden Davis,141lbs-14,#14 Braeden Davis (PSU) 12-5,0,,,,,,,,,,,
15,"Griffin, Elijah",Rider,,26-7,Yes,141,Griffin,Elijah,Elijah Griffin,141lbs-15,#15 Elijah Griffin (RID) 26-7,0,,,,,,,,,,,
16,"Jack, Ryan",NC State,,15-7,Yes,141,Jack,Ryan,Ryan Jack,141lbs-16,#16 Ryan Jack (NCST) 15-7,0,,,,,,,,,,,
17,"Ricciardi, Caedyn",Navy,,18-8,Yes,141,Ricciardi,Caedyn,Caedyn Ricciardi,141lbs-17,#17 Caedyn Ricciardi (NAVY) 18-8,0,,,,,,,,,,,
18,"Nogle, Carter",Air Force,,25-8,Yes,141,Nogle,Carter,Carter Nogle,141lbs-18,#18 Carter Nogle (AF) 25-8,0,,,,,,,,,,,
19,"Drury, Haiden",Utah Valley,,21-9,Yes,141,Drury,Haiden,Haiden Drury,141lbs-19,#19 Haiden Drury (UVU) 21-9,0,,,,,,,,,,,
20,"Tagg, Julian",South Dakota State,,18-6,Yes,141,Tagg,Julian,Julian Tagg,141lbs-20,#20 Julian Tagg (SDSU) 18-6,0,,,,,,,,,,,
21,"Wells, Tyler",Oklahoma,,16-9,Yes,141,Wells,Tyler,Tyler Wells,141lbs-21,#21 Tyler Wells (OU) 16-9,0,,,,,,,,,,,
22,"Frezza, Lorenzo",Columbia,,23-10,Yes,141,Frezza,Lorenzo,Lorenzo Frezza,141lbs-22,#22 Lorenzo Frezza (COL) 23-10,0,,,,,,,,,,,
23,"Chappell, Dylan",Bucknell,,21-10,Yes,141,Chappell,Dylan,Dylan Chappell,141lbs-23,#23 Dylan Chappell (BUCK) 21-10,0,,,,,,,,,,,
24,"Singleton, Nash",Oregon State,,15-7,Yes,141,Singleton,Nash,Nash Singleton,141lbs-24,#24 Nash Singleton (ORST) 15-7,0,,,,,,,,,,,
25,"Crook, Tom",Virginia Tech,,20-12,Yes,141,Crook,Tom,Tom Crook,141lbs-25,#25 Tom Crook (VT) 20-12,0,,,,,,,,,,,
26,"Basile, Braden",Army West Point,,17-6,Yes,141,Basile,Braden,Braden Basile,141lbs-26,#26 Braden Basile (ARMY) 17-6,0,,,,,,,,,,,
27,"Porter, Gable",Virginia,,20-8,Yes,141,Porter,Gable,Gable Porter,141lbs-27,#27 Gable Porter (UVA) 20-8,0,,,,,,,,,,,
28,"Manville, Pierson",Arizona State,,17-9,Yes,141,Manville,Pierson,Pierson Manville,141lbs-28,#28 Pierson Manville (ASU) 17-9,0,,,,,,,,,,,
29,"Titus, Jordan",West Virginia,,16-14,Yes,141,Titus,Jordan,Jordan Titus,141lbs-29,#29 Jordan Titus (WVU) 16-14,0,,,,,,,,,,,
30,"Lemus, Dario",Maryland,,17-13,Yes,141,Lemus,Dario,Dario Lemus,141lbs-30,#30 Dario Lemus (MARY) 17-13,0,,,,,,,,,,,
31,"DeKraker, Billy",Northwestern,,15-12,Yes,141,DeKraker,Billy,Billy DeKraker,141lbs-31,#31 Billy DeKraker (NW) 15-12,0,,,,,,,,,,,
32,"Martino, Matthew",Princeton,,15-15,Yes,141,Martino,Matthew,Matthew Martino,141lbs-32,#32 Matthew Martino (PRIN) 15-15,0,,,,,,,,,,,
33,"Hernandez, Aldo",Appalachian State,,18-14,Yes,141,Hernandez,Aldo,Aldo Hernandez,141lbs-33,#33 Aldo Hernandez (APP) 18-14,0,,,,,,,,,,,
1,"Van Ness, Shayne",Penn State,,21-0,Yes,149,Van Ness,Shayne,Shayne Van Ness,149lbs-1,#1 Shayne Van Ness (PSU) 21-0,0,,,,,,,,,,,
2,"Joy, Jaxon",Cornell,,24-1,Yes,149,Joy,Jaxon,Jaxon Joy,149lbs-2,#2 Jaxon Joy (COR) 24-1,0,,,,,,,,,,,
3,"Wasilewski, Cross",Penn,,24-3,Yes,149,Wasilewski,Cross,Cross Wasilewski,149lbs-3,#3 Cross Wasilewski (PENN) 24-3,0,,,,,,,,,,,
4,"Gaj, Collin",Virginia Tech,,20-8,Yes,149,Gaj,Collin,Collin Gaj,149lbs-4,#4 Collin Gaj (VT) 20-8,0,,,,,,,,,,,
5,"Buesgens, Koy",NC State,,21-3,Yes,149,Buesgens,Koy,Koy Buesgens,149lbs-5,#5 Koy Buesgens (NCST) 21-3,0,,,,,,,,,,,
6,"Tyus, Caleb",SIU Edwardsville,,22-2,Yes,149,Tyus,Caleb,Caleb Tyus,149lbs-6,#6 Caleb Tyus (SIUE) 22-2,0,,,,,,,,,,,
7,"Stiles, Ethan",Ohio State,,15-5,Yes,149,Stiles,Ethan,Ethan Stiles,149lbs-7,#7 Ethan Stiles (OHST) 15-5,0,,,,,,,,,,,
8,"Swiderski, Casey",Oklahoma State,,14-5,Yes,149,Swiderski,Casey,Casey Swiderski,149lbs-8,#8 Casey Swiderski (OKST) 14-5,0,,,,,,,,,,,
9,"Evans, David",Utah Valley,,20-5,Yes,149,Evans,David,David Evans,149lbs-9,#9 David Evans (UVU) 20-5,0,,,,,,,,,,,
10,"Valencia, Aden",Stanford,,16-7,Yes,149,Valencia,Aden,Aden Valencia,149lbs-10,#10 Aden Valencia (STAN) 16-7,0,,,,,,,,,,,
11,"McNeil, Lachlan",Michigan,,17-6,Yes,149,McNeil,Lachlan,Lachlan McNeil,149lbs-11,#11 Lachlan McNeil (MICH) 17-6,0,,,,,,,,,,,
12,"Young, Carter",Maryland,,15-4,Yes,149,Young,Carter,Carter Young,149lbs-12,#12 Carter Young (MARY) 15-4,0,,,,,,,,,,,
13,"Zargo, Joseph",Wisconsin,,18-6,Yes,149,Zargo,Joseph,Joseph Zargo,149lbs-13,#13 Joseph Zargo (WISC) 18-6,0,,,,,,,,,,,
14,"Rathjen, Caleb",Northern Iowa,,6-Sep,Yes,149,Rathjen,Caleb,Caleb Rathjen,149lbs-14,#14 Caleb Rathjen (UNI) 9-6,0,,,,,,,,,,,
15,"Block, Ryder",Iowa,,13-8,Yes,149,Block,Ryder,Ryder Block,149lbs-15,#15 Ryder Block (IOWA) 13-8,0,,,,,,,,,,,
16,"Frost, Jacob",Iowa State,,17-7,Yes,149,Frost,Jacob,Jacob Frost,149lbs-16,#16 Jacob Frost (ISU) 17-7,0,,,,,,,,,,,
17,"Kapusta, Lucas",Lock Haven,,25-4,Yes,149,Kapusta,Lucas,Lucas Kapusta,149lbs-17,#17 Lucas Kapusta (LHU) 25-4,0,,,,,,,,,,,
18,"Harney, Eugene",Morgan State,,28-4,Yes,149,Harney,Eugene,Eugene Harney,149lbs-18,#18 Eugene Harney (MOST) 28-4,0,,,,,,,,,,,
19,"Herman, Brock",Little Rock,,13-3,Yes,149,Herman,Brock,Brock Herman,149lbs-19,#19 Brock Herman (LR) 13-3,0,,,,,,,,,,,
20,"Lamer, Chance",Nebraska,,17-8,Yes,149,Lamer,Chance,Chance Lamer,149lbs-20,#20 Chance Lamer (NEB) 17-8,0,,,,,,,,,,,
21,"Willochell, Gabe",Wyoming,,17-8,Yes,149,Willochell,Gabe,Gabe Willochell,149lbs-21,#21 Gabe Willochell (WYO) 17-8,0,,,,,,,,,,,
22,"Rivera, Eligh",Princeton,,13-9,Yes,149,Rivera,Eligh,Eligh Rivera,149lbs-22,#22 Eligh Rivera (PRIN) 13-9,0,,,,,,,,,,,
23,"Petersen, Max",North Dakota State,,15-8,Yes,149,Petersen,Max,Max Petersen,149lbs-23,#23 Max Petersen (NDSU) 15-8,0,,,,,,,,,,,
24,"Clark, Andrew",Rutgers,,16-10,Yes,149,Clark,Andrew,Andrew Clark,149lbs-24,#24 Andrew Clark (RUT) 16-10,0,,,,,,,,,,,
25,"Gioffre, Michael",Illinois,,16-10,Yes,149,Gioffre,Michael,Michael Gioffre,149lbs-25,#25 Michael Gioffre (ILL) 16-10,0,,,,,,,,,,,
26,"Heap, Anderson",Davidson,,20-9,Yes,149,Heap,Anderson,Anderson Heap,149lbs-26,#26 Anderson Heap (DAV) 20-9,0,,,,,,,,,,,
27,"Gonzales, Andre",Cal Poly,,17-11,Yes,149,Gonzales,Andre,Andre Gonzales,149lbs-27,#27 Andre Gonzales (CP) 17-11,0,,,,,,,,,,,
28,"Brown, Kade",Pittsburgh,,14-8,Yes,149,Brown,Kade,Kade Brown,149lbs-28,#28 Kade Brown (PITT) 14-8,0,,,,,,,,,,,
29,"Cassidy, Kaden",George Mason,,15-4,Yes,149,Cassidy,Kaden,Kaden Cassidy,149lbs-29,#29 Kaden Cassidy (GMU) 15-4,0,,,,,,,,,,,
30,"Layton, Dylan",Rider,,25-9,Yes,149,Layton,Dylan,Dylan Layton,149lbs-30,#30 Dylan Layton (RID) 25-9,0,,,,,,,,,,,
31,"Michaels, Ryan",Edinboro,,24-9,Yes,149,Michaels,Ryan,Ryan Michaels,149lbs-31,#31 Ryan Michaels (EDIN) 24-9,0,,,,,,,,,,,
32,"Jones, Clayton",Michigan State,,15-Nov,Yes,149,Jones,Clayton,Clayton Jones,149lbs-32,#32 Clayton Jones (MSU) 11-15,0,,,,,,,,,,,
33,"McBurney, Austin",Brown,,21-13,Yes,149,McBurney,Austin,Austin McBurney,149lbs-33,#33 Austin McBurney (BRWN) 21-13,0,,,,,,,,,,,
1,"Duke, PJ",Penn State,,19-1,Yes,157,Duke,PJ,PJ Duke,157lbs-1,#1 PJ Duke (PSU) 19-1,0,,,,,,,,,,,
2,"Taylor, Antrell",Nebraska,,22-3,Yes,157,Taylor,Antrell,Antrell Taylor,157lbs-2,#2 Antrell Taylor (NEB) 22-3,0,,,,,,,,,,,
3,"Shapiro, Meyer",Cornell,,15-1,Yes,157,Shapiro,Meyer,Meyer Shapiro,157lbs-3,#3 Meyer Shapiro (COR) 15-1,0,,,,,,,,,,,
4,"Larkin, Kaleb",Arizona State,,24-2,Yes,157,Larkin,Kaleb,Kaleb Larkin,157lbs-4,#4 Kaleb Larkin (ASU) 24-2,0,,,,,,,,,,,
5,"Robideau, Landon",Oklahoma State,,16-2,Yes,157,Robideau,Landon,Landon Robideau,157lbs-5,#5 Landon Robideau (OKST) 16-2,0,,,,,,,,,,,
6,"Swisher, Jude",Penn,,20-3,Yes,157,Swisher,Jude,Jude Swisher,157lbs-6,#6 Jude Swisher (PENN) 20-3,0,,,,,,,,,,,
7,"Webster, Kannon",Illinois,,20-4,Yes,157,Webster,Kannon,Kannon Webster,157lbs-7,#7 Kannon Webster (ILL) 20-4,0,,,,,,,,,,,
8,"Cannon, Brandon",Ohio State,,18-2,Yes,157,Cannon,Brandon,Brandon Cannon,157lbs-8,#8 Brandon Cannon (OHST) 18-2,0,,,,,,,,,,,
9,"Cardenas, Daniel",Stanford,,17-3,Yes,157,Cardenas,Daniel,Daniel Cardenas,157lbs-9,#9 Daniel Cardenas (STAN) 17-3,0,,,,,,,,,,,
10,"Rozynski, Logan",Lehigh,,13-3,Yes,157,Rozynski,Logan,Logan Rozynski,157lbs-10,#10 Logan Rozynski (LEH) 13-3,0,,,,,,,,,,,
11,"Watters, Ty",West Virginia,,22-3,Yes,157,Watters,Ty,Ty Watters,157lbs-11,#11 Ty Watters (WVU) 22-3,0,,,,,,,,,,,
12,"Zerban, Vinny",Iowa State,,15-4,Yes,157,Zerban,Vinny,Vinny Zerban,157lbs-12,#12 Vinny Zerban (ISU) 15-4,0,,,,,,,,,,,
13,"Raike, Derek",Ohio,,21-5,Yes,157,Raike,Derek,Derek Raike,157lbs-13,#13 Derek Raike (OHIO) 21-5,0,,,,,,,,,,,
14,"Miller, Ethen",Virginia Tech,,16-6,Yes,157,Miller,Ethen,Ethen Miller,157lbs-14,#14 Ethen Miller (VT) 16-6,0,,,,,,,,,,,
15,"Catrabone, Cameron",Michigan,,18-8,Yes,157,Catrabone,Cameron,Cameron Catrabone,157lbs-15,#15 Cameron Catrabone (MICH) 18-8,0,,,,,,,,,,,
16,"Swensen, Cael",South Dakota State,,24-7,Yes,157,Swensen,Cael,Cael Swensen,157lbs-16,#16 Cael Swensen (SDSU) 24-7,0,,,,,,,,,,,
17,"Mechler, Luke",Wisconsin,,18-8,Yes,157,Mechler,Luke,Luke Mechler,157lbs-17,#17 Luke Mechler (WISC) 18-8,0,,,,,,,,,,,
18,"McGee, DJ",George Mason,,24-4,Yes,157,McGee,DJ,DJ McGee,157lbs-18,#18 DJ McGee (GMU) 24-4,0,,,,,,,,,,,
19,"Owen, Kai",Columbia,,18-7,Yes,157,Owen,Kai,Kai Owen,157lbs-19,#19 Kai Owen (COL) 18-7,0,,,,,,,,,,,
20,"Harrington, Jimmy",Harvard,,21-8,Yes,157,Harrington,Jimmy,Jimmy Harrington,157lbs-20,#20 Jimmy Harrington (HARV) 21-8,0,,,,,,,,,,,
21,"Millard, Charlie",Minnesota,,18-9,Yes,157,Millard,Charlie,Charlie Millard,157lbs-21,#21 Charlie Millard (MINN) 18-9,0,,,,,,,,,,,
22,"Washleski, Colton",Virginia,,20-10,Yes,157,Washleski,Colton,Colton Washleski,157lbs-22,#22 Colton Washleski (UVA) 20-10,0,,,,,,,,,,,
23,"Burgess, Kaleb",Buffalo,,18-7,Yes,157,Burgess,Kaleb,Kaleb Burgess,157lbs-23,#23 Kaleb Burgess (BUFF) 18-7,0,,,,,,,,,,,
24,"Jones, Jaivon",Little Rock,,19-9,Yes,157,Jones,Jaivon,Jaivon Jones,157lbs-24,#24 Jaivon Jones (LR) 19-9,0,,,,,,,,,,,
25,"Shrader, Mason",Central Michigan,,24-10,Yes,157,Shrader,Mason,Mason Shrader,157lbs-25,#25 Mason Shrader (CMU) 24-10,0,,,,,,,,,,,
26,"Ley, Jonathan",Navy,,26-12,Yes,157,Ley,Jonathan,Jonathan Ley,157lbs-26,#26 Jonathan Ley (NAVY) 26-12,0,,,,,,,,,,,
27,"Evans, Dylan",Pittsburgh,,21-8,Yes,157,Evans,Dylan,Dylan Evans,157lbs-27,#27 Dylan Evans (PITT) 21-8,0,,,,,,,,,,,
28,"Drexler, Gavin",North Dakota State,,16-10,Yes,157,Drexler,Gavin,Gavin Drexler,157lbs-28,#28 Gavin Drexler (NDSU) 16-10,0,,,,,,,,,,,
29,"Lowery, Bryce",Indiana,,11-Dec,Yes,157,Lowery,Bryce,Bryce Lowery,157lbs-29,#29 Bryce Lowery (IND) 12-11,0,,,,,,,,,,,
30,"Root, Laird",North Carolina,,16-11,Yes,157,Root,Laird,Laird Root,157lbs-30,#30 Laird Root (UNC) 16-11,0,,,,,,,,,,,
31,"McChesney, Garrett",Edinboro,,14-Dec,Yes,157,McChesney,Garrett,Garrett McChesney,157lbs-31,#31 Garrett McChesney (EDIN) 12-14,0,,,,,,,,,,,
32,"Prechtel, Jeb",Bellarmine,,18-14,Yes,157,Prechtel,Jeb,Jeb Prechtel,157lbs-32,#32 Jeb Prechtel (BELL) 18-14,0,,,,,,,,,,,
33,"Charles, Yannis",Morgan State,,8-May,Yes,157,Charles,Yannis,Yannis Charles,157lbs-33,#33 Yannis Charles (MOST) 5-8,0,,,,,,,,,,,
1,"Mesenbrink, Mitchell",Penn State,,22-0,Yes,165,Mesenbrink,Mitchell,Mitchell Mesenbrink,165lbs-1,#1 Mitchell Mesenbrink (PSU) 22-0,0,,,,,,,,,,,
2,"Blaze, Joey",Purdue,,22-1,Yes,165,Blaze,Joey,Joey Blaze,165lbs-2,#2 Joey Blaze (PUR) 22-1,0,,,,,,,,,,,
3,"Caliendo, Mikey",Iowa,,18-4,Yes,165,Caliendo,Mikey,Mikey Caliendo,165lbs-3,#3 Mikey Caliendo (IOWA) 18-4,0,,,,,,,,,,,
4,"Ruiz, Nicco",Arizona State,,23-5,Yes,165,Ruiz,Nicco,Nicco Ruiz,165lbs-4,#4 Nicco Ruiz (ASU) 23-5,0,,,,,,,,,,,
5,"Lockett, LaDarion",Oklahoma State,,16-2,Yes,165,Lockett,LaDarion,LaDarion Lockett,165lbs-5,#5 LaDarion Lockett (OKST) 16-2,0,,,,,,,,,,,
6,"Araujo, LJ",Nebraska,,18-8,Yes,165,Araujo,LJ,LJ Araujo,165lbs-6,#6 LJ Araujo (NEB) 18-8,0,,,,,,,,,,,
7,"Brignola, Max",Lehigh,,17-4,Yes,165,Brignola,Max,Max Brignola,165lbs-7,#7 Max Brignola (LEH) 17-4,0,,,,,,,,,,,
8,"Bianchi, Matty",Little Rock,,19-2,Yes,165,Bianchi,Matty,Matty Bianchi,165lbs-8,#8 Matty Bianchi (LR) 19-2,0,,,,,,,,,,,
9,"Hepner, Bryce",North Carolina,,15-4,Yes,165,Hepner,Bryce,Bryce Hepner,165lbs-9,#9 Bryce Hepner (UNC) 15-4,0,,,,,,,,,,,
10,"Denny, Will",NC State,,16-4,Yes,165,Denny,Will,Will Denny,165lbs-10,#10 Will Denny (NCST) 16-4,0,,,,,,,,,,,
11,"Downey, Ryder",Northern Iowa,,21-5,Yes,165,Downey,Ryder,Ryder Downey,165lbs-11,#11 Ryder Downey (UNI) 21-5,0,,,,,,,,,,,
12,"Alvan, Cesar",Columbia,,27-8,Yes,165,Alvan,Cesar,Cesar Alvan,165lbs-12,#12 Cesar Alvan (COL) 27-8,0,,,,,,,,,,,
13,"Sparks, Andrew",Minnesota,,19-6,Yes,165,Sparks,Andrew,Andrew Sparks,165lbs-13,#13 Andrew Sparks (MINN) 19-6,0,,,,,,,,,,,
14,"Barbosa, Andrew",Rutgers,,18-8,Yes,165,Barbosa,Andrew,Andrew Barbosa,165lbs-14,#14 Andrew Barbosa (RUT) 18-8,0,,,,,,,,,,,
15,"Euton, Connor",Iowa State,,17-7,Yes,165,Euton,Connor,Connor Euton,165lbs-15,#15 Connor Euton (ISU) 17-7,0,,,,,,,,,,,
16,"Gallagher, Paddy",Ohio State,,15-8,Yes,165,Gallagher,Paddy,Paddy Gallagher,165lbs-16,#16 Paddy Gallagher (OHST) 15-8,0,,,,,,,,,,,
17,"Scoles, Braeden",Illinois,,16-9,Yes,165,Scoles,Braeden,Braeden Scoles,165lbs-17,#17 Braeden Scoles (ILL) 16-9,0,,,,,,,,,,,
18,"Filipowicz, Gunner",Army West Point,,19-6,Yes,165,Filipowicz,Gunner,Gunner Filipowicz,165lbs-18,#18 Gunner Filipowicz (ARMY) 19-6,0,,,,,,,,,,,
19,"Mulvaney, Noah",Bucknell,,25-7,Yes,165,Mulvaney,Noah,Noah Mulvaney,165lbs-19,#19 Noah Mulvaney (BUCK) 25-7,0,,,,,,,,,,,
20,"Whalen, Ty",Princeton,,20-7,Yes,165,Whalen,Ty,Ty Whalen,165lbs-20,#20 Ty Whalen (PRIN) 20-7,0,,,,,,,,,,,
21,"Woodcock, Brock",SIU Edwardsville,,28-9,Yes,165,Woodcock,Brock,Brock Woodcock,165lbs-21,#21 Brock Woodcock (SIUE) 28-9,0,,,,,,,,,,,
22,"Olguin, Matthew",Oregon State,,17-5,Yes,165,Olguin,Matthew,Matthew Olguin,165lbs-22,#22 Matthew Olguin (ORST) 17-5,0,,,,,,,,,,,
23,"Earnest, Chris",Kent State,,18-6,Yes,165,Earnest,Chris,Chris Earnest,165lbs-23,#23 Chris Earnest (KENT) 18-6,0,,,,,,,,,,,
24,"Seefeldt, Sean",Penn,,20-7,Yes,165,Seefeldt,Sean,Sean Seefeldt,165lbs-24,#24 Sean Seefeldt (PENN) 20-7,0,,,,,,,,,,,
25,"Church, Mac",Virginia Tech,,24-10,Yes,165,Church,Mac,Mac Church,165lbs-25,#25 Mac Church (VT) 24-10,0,,,,,,,,,,,
26,"Lillard, Tyler",Indiana,,9-Dec,Yes,165,Lillard,Tyler,Tyler Lillard,165lbs-26,#26 Tyler Lillard (IND) 12-9,0,,,,,,,,,,,
27,"Parco, EJ",Stanford,,7-Dec,Yes,165,Parco,EJ,EJ Parco,165lbs-27,#27 EJ Parco (STAN) 12-7,0,,,,,,,,,,,
28,"Goebel, Cody",Wisconsin,,11-Dec,Yes,165,Goebel,Cody,Cody Goebel,165lbs-28,#28 Cody Goebel (WISC) 12-11,0,,,,,,,,,,,
29,"Burgos, Ryan",Edinboro,,20-7,Yes,165,Burgos,Ryan,Ryan Burgos,165lbs-29,#29 Ryan Burgos (EDIN) 20-7,0,,,,,,,,,,,
30,"Snipes, Thomas",The Citadel,,22-7,Yes,165,Snipes,Thomas,Thomas Snipes,165lbs-30,#30 Thomas Snipes (CIT) 22-7,0,,,,,,,,,,,
31,"Keslar, Jared",Pittsburgh,,15-13,Yes,165,Keslar,Jared,Jared Keslar,165lbs-31,#31 Jared Keslar (PITT) 15-13,0,,,,,,,,,,,
32,"Walsh, Cody",Drexel,,27-13,Yes,165,Walsh,Cody,Cody Walsh,165lbs-32,#32 Cody Walsh (DREX) 27-13,0,,,,,,,,,,,
33,"Vigil, Ryan",VMI,,14-9,Yes,165,Vigil,Ryan,Ryan Vigil,165lbs-33,#33 Ryan Vigil (VMI) 14-9,0,,,,,,,,,,,
1,"Haines, Levi",Penn State,,21-0,Yes,174,Haines,Levi,Levi Haines,174lbs-1,#1 Levi Haines (PSU) 21-0,0,,,,,,,,,,,
2,"Ruiz, Simon",Cornell,,16-0,Yes,174,Ruiz,Simon,Simon Ruiz,174lbs-2,#2 Simon Ruiz (COR) 16-0,0,,,,,,,,,,,
3,"Minto, Christopher",Nebraska,,20-5,Yes,174,Minto,Christopher,Christopher Minto,174lbs-3,#3 Christopher Minto (NEB) 20-5,0,,,,,,,,,,,
4,"Kharchla, Carson",Ohio State,,18-4,Yes,174,Kharchla,Carson,Carson Kharchla,174lbs-4,#4 Carson Kharchla (OHST) 18-4,0,,,,,,,,,,,
5,"Kennedy, Patrick",Iowa,,18-4,Yes,174,Kennedy,Patrick,Patrick Kennedy,174lbs-5,#5 Patrick Kennedy (IOWA) 18-4,0,,,,,,,,,,,
6,"Singleton, Matty",NC State,,16-3,Yes,174,Singleton,Matty,Matty Singleton,174lbs-6,#6 Matty Singleton (NCST) 16-3,0,,,,,,,,,,,
7,"Steed, Cam",Missouri,,15-5,Yes,174,Steed,Cam,Cam Steed,174lbs-7,#7 Cam Steed (MIZZ) 15-5,0,,,,,,,,,,,
8,"Facundo, Alex",Oklahoma State,,16-6,Yes,174,Facundo,Alex,Alex Facundo,174lbs-8,#8 Alex Facundo (OKST) 16-6,0,,,,,,,,,,,
9,"Mantanona, Beau",Michigan,,21-7,Yes,174,Mantanona,Beau,Beau Mantanona,174lbs-9,#9 Beau Mantanona (MICH) 21-7,0,,,,,,,,,,,
10,"Takats, Myles",Bucknell,,22-6,Yes,174,Takats,Myles,Myles Takats,174lbs-10,#10 Myles Takats (BUCK) 22-6,0,,,,,,,,,,,
11,"Gaitan, MJ",Iowa State,,16-6,Yes,174,Gaitan,MJ,MJ Gaitan,174lbs-11,#11 MJ Gaitan (ISU) 16-6,0,,,,,,,,,,,
12,"Schubert, Carter",Oklahoma,,19-6,Yes,174,Schubert,Carter,Carter Schubert,174lbs-12,#12 Carter Schubert (OU) 19-6,0,,,,,,,,,,,
13,"Baer, Carter",Binghamton,,18-4,Yes,174,Baer,Carter,Carter Baer,174lbs-13,#13 Carter Baer (BING) 18-4,0,,,,,,,,,,,
14,"Espinoza-Owens, Moses",South Dakota State,,27-8,Yes,174,Espinoza-Owens,Moses,Moses Espinoza-Owens,174lbs-14,#14 Moses Espinoza-Owens (SDSU) 27-8,0,,,,,,,,,,,
15,"Wask, Danny",Navy,,22-4,Yes,174,Wask,Danny,Danny Wask,174lbs-15,#15 Danny Wask (NAVY) 22-4,0,,,,,,,,,,,
16,"Fine, Nick",Columbia,,24-8,Yes,174,Fine,Nick,Nick Fine,174lbs-16,#16 Nick Fine (COL) 24-8,0,,,,,,,,,,,
17,"Simma, Jared",Northern Iowa,,14-9,Yes,174,Simma,Jared,Jared Simma,174lbs-17,#17 Jared Simma (UNI) 14-9,0,,,,,,,,,,,
18,"Kelly, Colin",Illinois,,18-8,Yes,174,Kelly,Colin,Colin Kelly,174lbs-18,#18 Colin Kelly (ILL) 18-8,0,,,,,,,,,,,
19,"Messer, Logan",George Mason,,26-6,Yes,174,Messer,Logan,Logan Messer,174lbs-19,#19 Logan Messer (GMU) 26-6,0,,,,,,,,,,,
20,"Lamer, Daschle",Oregon State,,19-3,Yes,174,Lamer,Daschle,Daschle Lamer,174lbs-20,#20 Daschle Lamer (ORST) 19-3,0,,,,,,,,,,,
21,"Pinto, Lenny",Rutgers,,13-10,Yes,174,Pinto,Lenny,Lenny Pinto,174lbs-21,#21 Lenny Pinto (RUT) 13-10,0,,,,,,,,,,,
22,"Baumann, Brody",Purdue,,16-8,Yes,174,Baumann,Brody,Brody Baumann,174lbs-22,#22 Brody Baumann (PUR) 16-8,0,,,,,,,,,,,
23,"Augustine, Luca",Pittsburgh,,6-Dec,Yes,174,Augustine,Luca,Luca Augustine,174lbs-23,#23 Luca Augustine (PITT) 12-6,0,,,,,,,,,,,
24,"Thompson, Garrett",Ohio,,16-3,Yes,174,Thompson,Garrett,Garrett Thompson,174lbs-24,#24 Garrett Thompson (OHIO) 16-3,0,,,,,,,,,,,
25,"Desiante, Sergio",Virginia Tech,,20-13,Yes,174,Desiante,Sergio,Sergio Desiante,174lbs-25,#25 Sergio Desiante (VT) 20-13,0,,,,,,,,,,,
26,"Gilcher, Derek",Indiana,,14-10,Yes,174,Gilcher,Derek,Derek Gilcher,174lbs-26,#26 Derek Gilcher (IND) 14-10,0,,,,,,,,,,,
27,"Carrigan, Collin",North Carolina,,13-10,Yes,174,Carrigan,Collin,Collin Carrigan,174lbs-27,#27 Collin Carrigan (UNC) 13-10,0,,,,,,,,,,,
28,"Garcia, Holden",Princeton,,21-10,Yes,174,Garcia,Holden,Holden Garcia,174lbs-28,#28 Holden Garcia (PRIN) 21-10,0,,,,,,,,,,,
29,"Bassett, Avery",Lock Haven,,22-7,Yes,174,Bassett,Avery,Avery Bassett,174lbs-29,#29 Avery Bassett (LHU) 22-7,0,,,,,,,,,,,
30,"Davis, Riley",Wyoming,,10-Nov,Yes,174,Davis,Riley,Riley Davis,174lbs-30,#30 Riley Davis (WYO) 11-10,0,,,,,,,,,,,
31,"Valencia, Cael",Arizona State,,16-10,Yes,174,Valencia,Cael,Cael Valencia,174lbs-31,#31 Cael Valencia (ASU) 16-10,0,,,,,,,,,,,
32,"Condon, Luke",Wisconsin,,13-13,Yes,174,Condon,Luke,Luke Condon,174lbs-32,#32 Luke Condon (WISC) 13-13,0,,,,,,,,,,,
33,"O`Dell, Grant",Bellarmine,,24-8,Yes,174,O`Dell,Grant,Grant O`Dell,174lbs-33,#33 Grant O`Dell (BELL) 24-8,0,,,,,,,,,,,
1,"Welsh, Rocco",Penn State,,20-0,Yes,184,Welsh,Rocco,Rocco Welsh,184lbs-1,#1 Rocco Welsh (PSU) 20-0,0,,,,,,,,,,,
2,"Sinclair, Aeoden",Missouri,,30-1,Yes,184,Sinclair,Aeoden,Aeoden Sinclair,184lbs-2,#2 Aeoden Sinclair (MIZZ) 30-1,0,,,,,,,,,,,
3,"McEnelly, Max",Minnesota,,19-2,Yes,184,McEnelly,Max,Max McEnelly,184lbs-3,#3 Max McEnelly (MINN) 19-2,0,,,,,,,,,,,
4,"Conway, James",Franklin & Marshall,,32-2,Yes,184,Conway,James,James Conway,184lbs-4,#4 James Conway (F&M) 32-2,0,,,,,,,,,,,
5,"Mantanona, Brock",Michigan,,19-6,Yes,184,Mantanona,Brock,Brock Mantanona,184lbs-5,#5 Brock Mantanona (MICH) 19-6,0,,,,,,,,,,,
6,"Neitenbach, Eddie",Wyoming,,20-6,Yes,184,Neitenbach,Eddie,Eddie Neitenbach,184lbs-6,#6 Eddie Neitenbach (WYO) 20-6,0,,,,,,,,,,,
7,"Ferrari, Angelo",Iowa,,3-Nov,Yes,184,Ferrari,Angelo,Angelo Ferrari,184lbs-7,#7 Angelo Ferrari (IOWA) 11-3,0,,,,,,,,,,,
8,"Allred, Silas",Nebraska,,17-7,Yes,184,Allred,Silas,Silas Allred,184lbs-8,#8 Silas Allred (NEB) 17-7,0,,,,,,,,,,,
9,"Moore, Chris",Illinois,,18-10,Yes,184,Moore,Chris,Chris Moore,184lbs-9,#9 Chris Moore (ILL) 18-10,0,,,,,,,,,,,
10,"Campos, Caleb",American,,25-6,Yes,184,Campos,Caleb,Caleb Campos,184lbs-10,#10 Caleb Campos (AMER) 25-6,0,,,,,,,,,,,
11,"Cartagena-Walsh, Shane",Rutgers,,24-8,Yes,184,Cartagena-Walsh,Shane,Shane Cartagena-Walsh,184lbs-11,#11 Shane Cartagena-Walsh (RUT) 24-8,0,,,,,,,,,,,
12,"Fishback, Dylan",Ohio State,,18-8,Yes,184,Fishback,Dylan,Dylan Fishback,184lbs-12,#12 Dylan Fishback (OHST) 18-8,0,,,,,,,,,,,
13,"Dean, Isaac",Iowa State,,17-7,Yes,184,Dean,Isaac,Isaac Dean,184lbs-13,#13 Isaac Dean (ISU) 17-7,0,,,,,,,,,,,
14,"Bullock, Jaden",Virginia Tech,,20-10,Yes,184,Bullock,Jaden,Jaden Bullock,184lbs-14,#14 Jaden Bullock (VT) 20-10,0,,,,,,,,,,,
15,"Perrine, Sal",Ohio,,19-4,Yes,184,Perrine,Sal,Sal Perrine,184lbs-15,#15 Sal Perrine (OHIO) 19-4,0,,,,,,,,,,,
16,"Rogers, Rylan",Lehigh,,18-6,Yes,184,Rogers,Rylan,Rylan Rogers,184lbs-16,#16 Rylan Rogers (LEH) 18-6,0,,,,,,,,,,,
17,"Bush, Ian",West Virginia,,19-10,Yes,184,Bush,Ian,Ian Bush,184lbs-17,#17 Ian Bush (WVU) 19-10,0,,,,,,,,,,,
18,"Dailey, Jake",North Carolina,,18-4,Yes,184,Dailey,Jake,Jake Dailey,184lbs-18,#18 Jake Dailey (UNC) 18-4,0,,,,,,,,,,,
19,"McGill, Jared",Edinboro,,17-3,Yes,184,McGill,Jared,Jared McGill,184lbs-19,#19 Jared McGill (EDIN) 17-3,0,,,,,,,,,,,
20,"Soldano, Brian",Oklahoma,,13-8,Yes,184,Soldano,Brian,Brian Soldano,184lbs-20,#20 Brian Soldano (OU) 13-8,0,,,,,,,,,,,
21,"Brooker, Tomas",Appalachian State,,26-8,Yes,184,Brooker,Tomas,Tomas Brooker,184lbs-21,#21 Tomas Brooker (APP) 26-8,0,,,,,,,,,,,
22,"Ryder, Zack",Oklahoma State,,8-Dec,Yes,184,Ryder,Zack,Zack Ryder,184lbs-22,#22 Zack Ryder (OKST) 12-8,0,,,,,,,,,,,
23,"Garza, Ceasar",Cal Poly,,18-2,Yes,184,Garza,Ceasar,Ceasar Garza,184lbs-23,#23 Ceasar Garza (CP) 18-2,0,,,,,,,,,,,
24,"Curtis, Joe",Columbia,,26-2,Yes,184,Curtis,Joe,Joe Curtis,184lbs-24,#24 Joe Curtis (COL) 26-2,0,,,,,,,,,,,
25,"DuVall, Malachi",George Mason,,24-5,Yes,184,DuVall,Malachi,Malachi DuVall,184lbs-25,#25 Malachi DuVall (GMU) 24-5,0,,,,,,,,,,,
26,"Kranitz, Chase",Pittsburgh,,15-9,Yes,184,Kranitz,Chase,Chase Kranitz,184lbs-26,#26 Chase Kranitz (PITT) 15-9,0,,,,,,,,,,,
27,"Brenot, Aidan",North Dakota State,,16-9,Yes,184,Brenot,Aidan,Aidan Brenot,184lbs-27,#27 Aidan Brenot (NDSU) 16-9,0,,,,,,,,,,,
28,"Wojcikiewicz, Abraham",Stanford,,17-11,Yes,184,Wojcikiewicz,Abraham,Abraham Wojcikiewicz,184lbs-28,#28 Abraham Wojcikiewicz (STAN) 17-11,0,,,,,,,,,,,
29,"Fox, Nick",Northern Iowa,,5-Dec,Yes,184,Fox,Nick,Nick Fox,184lbs-29,#29 Nick Fox (UNI) 12-5,0,,,,,,,,,,,
30,"Bienus, Tyler",Bucknell,,19-14,Yes,184,Bienus,Tyler,Tyler Bienus,184lbs-30,#30 Tyler Bienus (BUCK) 19-14,0,,,,,,,,,,,
31,"Rushton, Mahonri",Northern Colorado,,17-14,Yes,184,Rushton,Mahonri,Mahonri Rushton,184lbs-31,#31 Mahonri Rushton (UNCO) 17-14,0,,,,,,,,,,,
32,"Uhlenhopp, Caleb",Utah Valley,,16-14,Yes,184,Uhlenhopp,Caleb,Caleb Uhlenhopp,184lbs-32,#32 Caleb Uhlenhopp (UVU) 16-14,0,,,,,,,,,,,
33,"Goin, Sam",Indiana,,8-Dec,Yes,184,Goin,Sam,Sam Goin,184lbs-33,#33 Sam Goin (IND) 12-8,0,,,,,,,,,,,
1,"Barr, Josh",Penn State,,19-0,Yes,197,Barr,Josh,Josh Barr,197lbs-1,#1 Josh Barr (PSU) 19-0,0,,,,,,,,,,,
2,"Elam, Rocky",Iowa State,,18-0,Yes,197,Elam,Rocky,Rocky Elam,197lbs-2,#2 Rocky Elam (ISU) 18-0,0,,,,,,,,,,,
3,"Little, Stephen",Little Rock,,15-2,Yes,197,Little,Stephen,Stephen Little,197lbs-3,#3 Stephen Little (LR) 15-2,0,,,,,,,,,,,
4,"Sasso, Sonny",Virginia Tech,,25-5,Yes,197,Sasso,Sonny,Sonny Sasso,197lbs-4,#4 Sonny Sasso (VT) 25-5,0,,,,,,,,,,,
5,"Novak, Joey",Wyoming,,17-3,Yes,197,Novak,Joey,Joey Novak,197lbs-5,#5 Joey Novak (WYO) 17-3,0,,,,,,,,,,,
6,"Rademacher, Justin",Oregon State,,23-3,Yes,197,Rademacher,Justin,Justin Rademacher,197lbs-6,#6 Justin Rademacher (ORST) 23-3,0,,,,,,,,,,,
7,"Merrill, Cody",Oklahoma State,,17-4,Yes,197,Merrill,Cody,Cody Merrill,197lbs-7,#7 Cody Merrill (OKST) 17-4,0,,,,,,,,,,,
8,"Parker, DJ",Oklahoma,,19-8,Yes,197,Parker,DJ,DJ Parker,197lbs-8,#8 DJ Parker (OU) 19-8,0,,,,,,,,,,,
9,"Posada, Angelo",Stanford,,16-5,Yes,197,Posada,Angelo,Angelo Posada,197lbs-9,#9 Angelo Posada (STAN) 16-5,0,,,,,,,,,,,
10,"Stout, Mac",Pittsburgh,,19-4,Yes,197,Stout,Mac,Mac Stout,197lbs-10,#10 Mac Stout (PITT) 19-4,0,,,,,,,,,,,
11,"McDanel, Camden",Nebraska,,20-6,Yes,197,McDanel,Camden,Camden McDanel,197lbs-11,#11 Camden McDanel (NEB) 20-6,0,,,,,,,,,,,
12,"Geog, Luke",Ohio State,,16-7,Yes,197,Geog,Luke,Luke Geog,197lbs-12,#12 Luke Geog (OHST) 16-7,0,,,,,,,,,,,
13,"Berge, Bennett",South Dakota State,,16-5,Yes,197,Berge,Bennett,Bennett Berge,197lbs-13,#13 Bennett Berge (SDSU) 16-5,0,,,,,,,,,,,
14,"Sollars, Gabe",Indiana,,15-10,Yes,197,Sollars,Gabe,Gabe Sollars,197lbs-14,#14 Gabe Sollars (IND) 15-10,0,,,,,,,,,,,
15,"Cotton, Remy",Rutgers,,18-7,Yes,197,Cotton,Remy,Remy Cotton,197lbs-15,#15 Remy Cotton (RUT) 18-7,0,,,,,,,,,,,
16,"John, Branson",Maryland,,25-7,Yes,197,John,Branson,Branson John,197lbs-16,#16 Branson John (MARY) 25-7,0,,,,,,,,,,,
17,"Bechtold, Dillon",Bucknell,,15-4,Yes,197,Bechtold,Dillon,Dillon Bechtold,197lbs-17,#17 Dillon Bechtold (BUCK) 15-4,0,,,,,,,,,,,
18,"Reall, Andrew",Brown,,34-4,Yes,197,Reall,Andrew,Andrew Reall,197lbs-18,#18 Andrew Reall (BRWN) 34-4,0,,,,,,,,,,,
19,"Lehman, Zayne",Ohio,,19-2,Yes,197,Lehman,Zayne,Zayne Lehman,197lbs-19,#19 Zayne Lehman (OHIO) 19-2,0,,,,,,,,,,,
20,"Ingham, Wyatt",Wisconsin,,17-8,Yes,197,Ingham,Wyatt,Wyatt Ingham,197lbs-20,#20 Wyatt Ingham (WISC) 17-8,0,,,,,,,,,,,
21,"Lawrence, Rune",West Virginia,,17-11,Yes,197,Lawrence,Rune,Rune Lawrence,197lbs-21,#21 Rune Lawrence (WVU) 17-11,0,,,,,,,,,,,
22,"Wasley, Devin",North Dakota State,,21-10,Yes,197,Wasley,Devin,Devin Wasley,197lbs-22,#22 Devin Wasley (NDSU) 21-10,0,,,,,,,,,,,
23,"Squires, Mikey",Binghamton,,19-3,Yes,197,Squires,Mikey,Mikey Squires,197lbs-23,#23 Mikey Squires (BING) 19-3,0,,,,,,,,,,,
24,"Zurawski, Brock",Rider,,22-5,Yes,197,Zurawski,Brock,Brock Zurawski,197lbs-24,#24 Brock Zurawski (RID) 22-5,0,,,,,,,,,,,
25,"Bates, Evan",Missouri,,21-9,Yes,197,Bates,Evan,Evan Bates,197lbs-25,#25 Evan Bates (MIZZ) 21-9,0,,,,,,,,,,,
26,"Vanadia, Ben",Purdue,,15-10,Yes,197,Vanadia,Ben,Ben Vanadia,197lbs-26,#26 Ben Vanadia (PUR) 15-10,0,,,,,,,,,,,
27,"Arnold, Gabe",Iowa,,18-7,Yes,197,Arnold,Gabe,Gabe Arnold,197lbs-27,#27 Gabe Arnold (IOWA) 18-7,0,,,,,,,,,,,
28,"Wisler, Kael",Michigan State,,25-10,Yes,197,Wisler,Kael,Kael Wisler,197lbs-28,#28 Kael Wisler (MSU) 25-10,0,,,,,,,,,,,
29,"Hawks, Colton",Arizona State,,9-Jul,Yes,197,Hawks,Colton,Colton Hawks,197lbs-29,#29 Colton Hawks (ASU) 7-9,0,,,,,,,,,,,
30,"Rule, Kade",Chattanooga,,18-5,Yes,197,Rule,Kade,Kade Rule,197lbs-30,#30 Kade Rule (CHAT) 18-5,0,,,,,,,,,,,
31,"Bennie, Kael",Utah Valley,,15-16,Yes,197,Bennie,Kael,Kael Bennie,197lbs-31,#31 Kael Bennie (UVU) 15-16,0,,,,,,,,,,,
32,"Schaffer, Blake",Kent State,,22-9,Yes,197,Schaffer,Blake,Blake Schaffer,197lbs-32,#32 Blake Schaffer (KENT) 22-9,0,,,,,,,,,,,
33,"Tompkins, Karson",Air Force,,21-12,Yes,197,Tompkins,Karson,Karson Tompkins,197lbs-33,#33 Karson Tompkins (AF) 21-12,0,,,,,,,,,,,
1,"Bastida, Yonger",Iowa State,,25-0,Yes,285,Bastida,Yonger,Yonger Bastida,285lbs-1,#1 Yonger Bastida (ISU) 25-0,0,,,,,,,,,,,
2,"Trumble, Isaac",NC State,,16-0,Yes,285,Trumble,Isaac,Isaac Trumble,285lbs-2,#2 Isaac Trumble (NCST) 16-0,0,,,,,,,,,,,
3,"Ghadiali, Taye",Michigan,,23-2,Yes,285,Ghadiali,Taye,Taye Ghadiali,285lbs-3,#3 Taye Ghadiali (MICH) 23-2,0,,,,,,,,,,,
4,"Ferrari, AJ",Nebraska,,15-3,Yes,285,Ferrari,AJ,AJ Ferrari,285lbs-4,#4 AJ Ferrari (NEB) 15-3,0,,,,,,,,,,,
5,"Feldman, Nick",Ohio State,,23-5,Yes,285,Feldman,Nick,Nick Feldman,285lbs-5,#5 Nick Feldman (OHST) 23-5,0,,,,,,,,,,,
6,"Taylor, Nathan",Lehigh,,16-3,Yes,285,Taylor,Nathan,Nathan Taylor,285lbs-6,#6 Nathan Taylor (LEH) 16-3,0,,,,,,,,,,,
7,"Doucet, Konner",Oklahoma State,,17-3,Yes,285,Doucet,Konner,Konner Doucet,285lbs-7,#7 Konner Doucet (OKST) 17-3,0,,,,,,,,,,,
8,"Kueter, Ben",Iowa,,7-Sep,Yes,285,Kueter,Ben,Ben Kueter,285lbs-8,#8 Ben Kueter (IOWA) 9-7,0,,,,,,,,,,,
9,"Mirasola, Cole",Penn State,,17-6,Yes,285,Mirasola,Cole,Cole Mirasola,285lbs-9,#9 Cole Mirasola (PSU) 17-6,0,,,,,,,,,,,
10,"Szuba, David",Arizona State,,22-9,Yes,285,Szuba,David,David Szuba,285lbs-10,#10 David Szuba (ASU) 22-9,0,,,,,,,,,,,
11,"Dawson, Devon",Northern Illinois,,31-4,Yes,285,Dawson,Devon,Devon Dawson,285lbs-11,#11 Devon Dawson (NIU) 31-4,0,,,,,,,,,,,
12,"Amos, Braxton",Wisconsin,,20-7,Yes,285,Amos,Braxton,Braxton Amos,285lbs-12,#12 Braxton Amos (WISC) 20-7,0,,,,,,,,,,,
13,"Lanosga, Spencer",Navy,,20-8,Yes,285,Lanosga,Spencer,Spencer Lanosga,285lbs-13,#13 Spencer Lanosga (NAVY) 20-8,0,,,,,,,,,,,
14,"Hopke, Koy",Minnesota,,20-9,Yes,285,Hopke,Koy,Koy Hopke,285lbs-14,#14 Koy Hopke (MINN) 20-9,0,,,,,,,,,,,
15,"Colbert, Brady",Army West Point,,18-6,Yes,285,Colbert,Brady,Brady Colbert,285lbs-15,#15 Brady Colbert (ARMY) 18-6,0,,,,,,,,,,,
16,"Mullen, Jimmy",Virginia Tech,,22-7,Yes,285,Mullen,Jimmy,Jimmy Mullen,285lbs-16,#16 Jimmy Mullen (VT) 22-7,0,,,,,,,,,,,
17,"Mueller, Vincent",Columbia,,25-6,Yes,285,Mueller,Vincent,Vincent Mueller,285lbs-17,#17 Vincent Mueller (COL) 25-6,0,,,,,,,,,,,
18,"Carroll, Christian",Wyoming,,19-6,Yes,285,Carroll,Christian,Christian Carroll,285lbs-18,#18 Christian Carroll (WYO) 19-6,0,,,,,,,,,,,
19,"Schon, Nate",Drexel,,18-5,Yes,285,Schon,Nate,Nate Schon,285lbs-19,#19 Nate Schon (DREX) 18-5,0,,,,,,,,,,,
20,"Pitzer, Dayton",Pittsburgh,,16-6,Yes,285,Pitzer,Dayton,Dayton Pitzer,285lbs-20,#20 Dayton Pitzer (PITT) 16-6,0,,,,,,,,,,,
21,"Mora, Juan",Oklahoma,,19-7,Yes,285,Mora,Juan,Juan Mora,285lbs-21,#21 Juan Mora (OU) 19-7,0,,,,,,,,,,,
22,"Tinker, Trevor",Cal Poly,,4-Nov,Yes,285,Tinker,Trevor,Trevor Tinker,285lbs-22,#22 Trevor Tinker (CP) 11-4,0,,,,,,,,,,,
23,"Monchery, Stephan",Appalachian State,,23-7,Yes,285,Monchery,Stephan,Stephan Monchery,285lbs-23,#23 Stephan Monchery (APP) 23-7,0,,,,,,,,,,,
24,"Barket, Connor",Duke,,23-7,Yes,285,Barket,Connor,Connor Barket,285lbs-24,#24 Connor Barket (DUKE) 23-7,0,,,,,,,,,,,
25,"Semenenko, Alex",Brown,,25-7,Yes,285,Semenenko,Alex,Alex Semenenko,285lbs-25,#25 Alex Semenenko (BRWN) 25-7,0,,,,,,,,,,,
26,"Luffman, Luke",Illinois,,14-7,Yes,285,Luffman,Luke,Luke Luffman,285lbs-26,#26 Luke Luffman (ILL) 14-7,0,,,,,,,,,,,
27,"Catka, Hunter",Rutgers,,20-9,Yes,285,Catka,Hunter,Hunter Catka,285lbs-27,#27 Hunter Catka (RUT) 20-9,0,,,,,,,,,,,
28,"Stoner, Jarrett",Missouri,,23-14,Yes,285,Stoner,Jarrett,Jarrett Stoner,285lbs-28,#28 Jarrett Stoner (MIZZ) 23-14,0,,,,,,,,,,,
29,"Rasmussen, Luke",South Dakota State,,11-Nov,Yes,285,Rasmussen,Luke,Luke Rasmussen,285lbs-29,#29 Luke Rasmussen (SDSU) 11-11,0,,,,,,,,,,,
30,"Forbes, Jack",Utah Valley,,19-12,Yes,285,Forbes,Jack,Jack Forbes,285lbs-30,#30 Jack Forbes (UVU) 19-12,0,,,,,,,,,,,
31,"Morgan, Brenan",Virginia,,13-10,Yes,285,Morgan,Brenan,Brenan Morgan,285lbs-31,#31 Brenan Morgan (UVA) 13-10,0,,,,,,,,,,,
32,"Ulrich, Emmanuel",American,,21-14,Yes,285,Ulrich,Emmanuel,Emmanuel Ulrich,285lbs-32,#32 Emmanuel Ulrich (AMER) 21-14,0,,,,,,,,,,,
33,"Rebuck, Mason",Bloomsburg,,22-8,Yes,285,Rebuck,Mason,Mason Rebuck,285lbs-33,#33 Mason Rebuck (BLM) 22-8,0,,,,,,,,,,,
,,,,,,,,,,,,,,,,,,,,,,,
,,,,,,,,,,,,,,,,,,,,,,,
,,,,,,,,,,,,,,,,,,,,,,,
,,,,,,,,,,,,,,,,,,,,,,,
,,,,,,,,,,,,,,,,,,,,,,,
,,,,,,,,,,,,,,,,,,,,,,,
,,,,,,,,,,,,,,,,,,,,,,,
,,,,,,,,,,,,,,,,,,,,,,,
,,,,,,,,,,,,,,,,,,,,,,,
,,,,,,,,,,,,,,,,,,,,,,,
,,,,,,,,,,,,,,,,,,,,,,,
,,,,,,,,,,,,,,,,,,,,,,,
,,,,,,,,,,,,,,,,,,,,,,,
,,,,,,,,,,,,,,,,,,,,,,,
,,,,,,,,,,,,,,,,,,,,,,,
,,,,,,,,,,,,,,,,,,,,,,,
,,,,,,,,,,,,,,,,,,,,,,,
,,,,,,,,,,,,,,,,,,,,,,,
,,,,,,,,,,,,,,,,,,,,,,,
,,,,,,,,,,,,,,,,,,,,,,,
,,,,,,,,,,,,,,,,,,,,,,,
,,,,,,,,,,,,,,,,,,,,,,,
,,,,,,,,,,,,,,,,,,,,,,,
,,,,,,,,,,,,,,,,,,,,,,,
,,,,,,,,,,,,,,,,,,,,,,,
,,,,,,,,,,,,,,,,,,,,,,,
,,,,,,,,,,,,,,,,,,,,,,,
,,,,,,,,,,,,,,,,,,,,,,,
,,,,,,,,,,,,,,,,,,,,,,,
,,,,,,,,,,,,,,,,,,,,,,,
,,,,,,,,,,,,,,,,,,,,,,,
,,,,,,,,,,,,,,,,,,,,,,,
,,,,,,,,,,,,,,,,,,,,,,,
,,,,,,,,,,,,,,,,,,,,,,,
,,,,,,,,,,,,,,,,,,,,,,,
,,,,,,,,,,,,,,,,,,,,,,,
,,,,,,,,,,,,,,,,,,,,,,,
,,,,,,,,,,,,,,,,,,,,,,,
,,,,,,,,,,,,,,,,,,,,,,,
,,,,,,,,,,,,,,,,,,,,,,,
,,,,,,,,,,,,,,,,,,,,,,,
,,,,,,,,,,,,,,,,,,,,,,,
,,,,,,,,,,,,,,,,,,,,,,,
,,,,,,,,,,,,,,,,,,,,,,,
,,,,,,,,,,,,,,,,,,,,,,,
,,,,,,,,,,,,,,,,,,,,,,,
,,,,,,,,,,,,,,,,,,,,,,,
,,,,,,,,,,,,,,,,,,,,,,,
,,,,,,,,,,,,,,,,,,,,,,,
,,,,,,,,,,,,,,,,,,,,,,,
,,,,,,,,,,,,,,,,,,,,,,,
,,,,,,,,,,,,,,,,,,,,,,,
,,,,,,,,,,,,,,,,,,,,,,,
,,,,,,,,,,,,,,,,,,,,,,,
,,,,,,,,,,,,,,,,,,,,,,,
,,,,,,,,,,,,,,,,,,,,,,,
,,,,,,,,,,,,,,,,,,,,,,,
,,,,,,,,,,,,,,,,,,,,,,,
,,,,,,,,,,,,,,,,,,,,,,,
,,,,,,,,,,,,,,,,,,,,,,,
,,,,,,,,,,,,,,,,,,,,,,,
,,,,,,,,,,,,,,,,,,,,,,,
,,,,,,,,,,,,,,,,,,,,,,,
,,,,,,,,,,,,,,,,,,,,,,,
,,,,,,,,,,,,,,,,,,,,,,,
,,,,,,,,,,,,,,,,,,,,,,,
,,,,,,,,,,,,,,,,,,,,,,,
,,,,,,,,,,,,,,,,,,,,,,,
,,,,,,,,,,,,,,,,,,,,,,,
,,,,,,,,,,,,,,,,,,,,,,,
,,,,,,,,,,,,,,,,,,,,,,,
,,,,,,,,,,,,,,,,,,,,,,,
,,,,,,,,,,,,,,,,,,,,,,,
,,,,,,,,,,,,,,,,,,,,,,,
,,,,,,,,,,,,,,,,,,,,,,,
,,,,,,,,,,,,,,,,,,,,,,,
,,,,,,,,,,,,,,,,,,,,,,,
,,,,,,,,,,,,,,,,,,,,,,,
,,,,,,,,,,,,,,,,,,,,,,,
,,,,,,,,,,,,,,,,,,,,,,,
,,,,,,,,,,,,,,,,,,,,,,,
,,,,,,,,,,,,,,,,,,,,,,,
,,,,,,,,,,,,,,,,,,,,,,,
,,,,,,,,,,,,,,,,,,,,,,,
,,,,,,,,,,,,,,,,,,,,,,,
,,,,,,,,,,,,,,,,,,,,,,,
,,,,,,,,,,,,,,,,,,,,,,,
,,,,,,,,,,,,,,,,,,,,,,,
,,,,,,,,,,,,,,,,,,,,,,,
,,,,,,,,,,,,,,,,,,,,,,,
,,,,,,,,,,,,,,,,,,,,,,,
,,,,,,,,,,,,,,,,,,,,,,,
,,,,,,,,,,,,,,,,,,,,,,,
,,,,,,,,,,,,,,,,,,,,,,,
,,,,,,,,,,,,,,,,,,,,,,,
,,,,,,,,,,,,,,,,,,,,,,,
,,,,,,,,,,,,,,,,,,,,,,,
,,,,,,,,,,,,,,,,,,,,,,,
,,,,,,,,,,,,,,,,,,,,,,,
,,,,,,,,,,,,,,,,,,,,,,,
,,,,,,,,,,,,,,,,,,,,,,,
,,,,,,,,,,,,,,,,,,,,,,,
,,,,,,,,,,,,,,,,,,,,,,,
,,,,,,,,,,,,,,,,,,,,,,,
,,,,,,,,,,,,,,,,,,,,,,,
,,,,,,,,,,,,,,,,,,,,,,,
,,,,,,,,,,,,,,,,,,,,,,,
,,,,,,,,,,,,,,,,,,,,,,,
,,,,,,,,,,,,,,,,,,,,,,,
,,,,,,,,,,,,,,,,,,,,,,,
,,,,,,,,,,,,,,,,,,,,,,,
,,,,,,,,,,,,,,,,,,,,,,,
,,,,,,,,,,,,,,,,,,,,,,,
,,,,,,,,,,,,,,,,,,,,,,,
,,,,,,,,,,,,,,,,,,,,,,,
,,,,,,,,,,,,,,,,,,,,,,,
,,,,,,,,,,,,,,,,,,,,,,,
,,,,,,,,,,,,,,,,,,,,,,,
,,,,,,,,,,,,,,,,,,,,,,,
,,,,,,,,,,,,,,,,,,,,,,,
,,,,,,,,,,,,,,,,,,,,,,,
,,,,,,,,,,,,,,,,,,,,,,,
,,,,,,,,,,,,,,,,,,,,,,,
,,,,,,,,,,,,,,,,,,,,,,,
,,,,,,,,,,,,,,,,,,,,,,,
,,,,,,,,,,,,,,,,,,,,,,,
,,,,,,,,,,,,,,,,,,,,,,,
,,,,,,,,,,,,,,,,,,,,,,,
,,,,,,,,,,,,,,,,,,,,,,,
,,,,,,,,,,,,,,,,,,,,,,,
,,,,,,,,,,,,,,,,,,,,,,,
,,,,,,,,,,,,,,,,,,,,,,,
,,,,,,,,,,,,,,,,,,,,,,,
,,,,,,,,,,,,,,,,,,,,,,,
,,,,,,,,,,,,,,,,,,,,,,,
,,,,,,,,,,,,,,,,,,,,,,,
,,,,,,,,,,,,,,,,,,,,,,,
,,,,,,,,,,,,,,,,,,,,,,,
,,,,,,,,,,,,,,,,,,,,,,,
,,,,,,,,,,,,,,,,,,,,,,,
,,,,,,,,,,,,,,,,,,,,,,,
,,,,,,,,,,,,,,,,,,,,,,,
,,,,,,,,,,,,,,,,,,,,,,,
,,,,,,,,,,,,,,,,,,,,,,,
,,,,,,,,,,,,,,,,,,,,,,,
,,,,,,,,,,,,,,,,,,,,,,,
,,,,,,,,,,,,,,,,,,,,,,,
,,,,,,,,,,,,,,,,,,,,,,,
,,,,,,,,,,,,,,,,,,,,,,,
,,,,,,,,,,,,,,,,,,,,,,,
,,,,,,,,,,,,,,,,,,,,,,,
,,,,,,,,,,,,,,,,,,,,,,,
,,,,,,,,,,,,,,,,,,,,,,,
,,,,,,,,,,,,,,,,,,,,,,,
,,,,,,,,,,,,,,,,,,,,,,,
,,,,,,,,,,,,,,,,,,,,,,,
,,,,,,,,,,,,,,,,,,,,,,,
,,,,,,,,,,,,,,,,,,,,,,,
,,,,,,,,,,,,,,,,,,,,,,,
,,,,,,,,,,,,,,,,,,,,,,,
,,,,,,,,,,,,,,,,,,,,,,,
,,,,,,,,,,,,,,,,,,,,,,,
,,,,,,,,,,,,,,,,,,,,,,,
,,,,,,,,,,,,,,,,,,,,,,,
,,,,,,,,,,,,,,,,,,,,,,,
,,,,,,,,,,,,,,,,,,,,,,,
,,,,,,,,,,,,,,,,,,,,,,,
,,,,,,,,,,,,,,,,,,,,,,,
,,,,,,,,,,,,,,,,,,,,,,,
,,,,,,,,,,,,,,,,,,,,,,,
,,,,,,,,,,,,,,,,,,,,,,,
,,,,,,,,,,,,,,,,,,,,,,,
,,,,,,,,,,,,,,,,,,,,,,,
,,,,,,,,,,,,,,,,,,,,,,,
,,,,,,,,,,,,,,,,,,,,,,,
,,,,,,,,,,,,,,,,,,,,,,,
,,,,,,,,,,,,,,,,,,,,,,,
,,,,,,,,,,,,,,,,,,,,,,,
,,,,,,,,,,,,,,,,,,,,,,,
,,,,,,,,,,,,,,,,,,,,,,,
,,,,,,,,,,,,,,,,,,,,,,,
,,,,,,,,,,,,,,,,,,,,,,,
,,,,,,,,,,,,,,,,,,,,,,,
,,,,,,,,,,,,,,,,,,,,,,,
,,,,,,,,,,,,,,,,,,,,,,,
,,,,,,,,,,,,,,,,,,,,,,,
,,,,,,,,,,,,,,,,,,,,,,,
,,,,,,,,,,,,,,,,,,,,,,,
,,,,,,,,,,,,,,,,,,,,,,,
,,,,,,,,,,,,,,,,,,,,,,,
,,,,,,,,,,,,,,,,,,,,,,,
,,,,,,,,,,,,,,,,,,,,,,,
,,,,,,,,,,,,,,,,,,,,,,,
,,,,,,,,,,,,,,,,,,,,,,,
,,,,,,,,,,,,,,,,,,,,,,,
,,,,,,,,,,,,,,,,,,,,,,,
,,,,,,,,,,,,,,,,,,,,,,,
,,,,,,,,,,,,,,,,,,,,,,,
,,,,,,,,,,,,,,,,,,,,,,,
,,,,,,,,,,,,,,,,,,,,,,,
,,,,,,,,,,,,,,,,,,,,,,,
,,,,,,,,,,,,,,,,,,,,,,,
,,,,,,,,,,,,,,,,,,,,,,,
,,,,,,,,,,,,,,,,,,,,,,,
,,,,,,,,,,,,,,,,,,,,,,,
,,,,,,,,,,,,,,,,,,,,,,,
,,,,,,,,,,,,,,,,,,,,,,,
,,,,,,,,,,,,,,,,,,,,,,,
,,,,,,,,,,,,,,,,,,,,,,,
,,,,,,,,,,,,,,,,,,,,,,,
,,,,,,,,,,,,,,,,,,,,,,,
,,,,,,,,,,,,,,,,,,,,,,,
,,,,,,,,,,,,,,,,,,,,,,,
,,,,,,,,,,,,,,,,,,,,,,,
,,,,,,,,,,,,,,,,,,,,,,,
,,,,,,,,,,,,,,,,,,,,,,,
,,,,,,,,,,,,,,,,,,,,,,,
,,,,,,,,,,,,,,,,,,,,,,,
,,,,,,,,,,,,,,,,,,,,,,,
,,,,,,,,,,,,,,,,,,,,,,,
,,,,,,,,,,,,,,,,,,,,,,,
,,,,,,,,,,,,,,,,,,,,,,,
,,,,,,,,,,,,,,,,,,,,,,,
,,,,,,,,,,,,,,,,,,,,,,,
,,,,,,,,,,,,,,,,,,,,,,,
,,,,,,,,,,,,,,,,,,,,,,,
,,,,,,,,,,,,,,,,,,,,,,,
,,,,,,,,,,,,,,,,,,,,,,,
,,,,,,,,,,,,,,,,,,,,,,,
,,,,,,,,,,,,,,,,,,,,,,,
,,,,,,,,,,,,,,,,,,,,,,,
,,,,,,,,,,,,,,,,,,,,,,,
,,,,,,,,,,,,,,,,,,,,,,,
,,,,,,,,,,,,,,,,,,,,,,,
,,,,,,,,,,,,,,,,,,,,,,,
,,,,,,,,,,,,,,,,,,,,,,,
,,,,,,,,,,,,,,,,,,,,,,,
,,,,,,,,,,,,,,,,,,,,,,,
,,,,,,,,,,,,,,,,,,,,,,,
,,,,,,,,,,,,,,,,,,,,,,,
,,,,,,,,,,,,,,,,,,,,,,,
,,,,,,,,,,,,,,,,,,,,,,,
,,,,,,,,,,,,,,,,,,,,,,,
,,,,,,,,,,,,,,,,,,,,,,,
,,,,,,,,,,,,,,,,,,,,,,,
,,,,,,,,,,,,,,,,,,,,,,,
,,,,,,,,,,,,,,,,,,,,,,,
,,,,,,,,,,,,,,,,,,,,,,,
,,,,,,,,,,,,,,,,,,,,,,,
,,,,,,,,,,,,,,,,,,,,,,,
,,,,,,,,,,,,,,,,,,,,,,,
,,,,,,,,,,,,,,,,,,,,,,,
,,,,,,,,,,,,,,,,,,,,,,,
,,,,,,,,,,,,,,,,,,,,,,,
,,,,,,,,,,,,,,,,,,,,,,,
,,,,,,,,,,,,,,,,,,,,,,,
,,,,,,,,,,,,,,,,,,,,,,,
,,,,,,,,,,,,,,,,,,,,,,,
,,,,,,,,,,,,,,,,,,,,,,,
,,,,,,,,,,,,,,,,,,,,,,,
,,,,,,,,,,,,,,,,,,,,,,,
,,,,,,,,,,,,,,,,,,,,,,,
,,,,,,,,,,,,,,,,,,,,,,,
,,,,,,,,,,,,,,,,,,,,,,,
,,,,,,,,,,,,,,,,,,,,,,,
,,,,,,,,,,,,,,,,,,,,,,,
,,,,,,,,,,,,,,,,,,,,,,,
,,,,,,,,,,,,,,,,,,,,,,,
,,,,,,,,,,,,,,,,,,,,,,,
,,,,,,,,,,,,,,,,,,,,,,,
,,,,,,,,,,,,,,,,,,,,,,,
,,,,,,,,,,,,,,,,,,,,,,,
,,,,,,,,,,,,,,,,,,,,,,,
,,,,,,,,,,,,,,,,,,,,,,,
,,,,,,,,,,,,,,,,,,,,,,,
,,,,,,,,,,,,,,,,,,,,,,,
,,,,,,,,,,,,,,,,,,,,,,,
,,,,,,,,,,,,,,,,,,,,,,,
,,,,,,,,,,,,,,,,,,,,,,,
,,,,,,,,,,,,,,,,,,,,,,,
,,,,,,,,,,,,,,,,,,,,,,,
,,,,,,,,,,,,,,,,,,,,,,,
,,,,,,,,,,,,,,,,,,,,,,,
,,,,,,,,,,,,,,,,,,,,,,,
,,,,,,,,,,,,,,,,,,,,,,,
,,,,,,,,,,,,,,,,,,,,,,,
,,,,,,,,,,,,,,,,,,,,,,,
,,,,,,,,,,,,,,,,,,,,,,,
,,,,,,,,,,,,,,,,,,,,,,,
,,,,,,,,,,,,,,,,,,,,,,,
,,,,,,,,,,,,,,,,,,,,,,,
,,,,,,,,,,,,,,,,,,,,,,,
,,,,,,,,,,,,,,,,,,,,,,,
,,,,,,,,,,,,,,,,,,,,,,,
,,,,,,,,,,,,,,,,,,,,,,,
,,,,,,,,,,,,,,,,,,,,,,,
,,,,,,,,,,,,,,,,,,,,,,,
,,,,,,,,,,,,,,,,,,,,,,,
,,,,,,,,,,,,,,,,,,,,,,,
,,,,,,,,,,,,,,,,,,,,,,,
,,,,,,,,,,,,,,,,,,,,,,,
,,,,,,,,,,,,,,,,,,,,,,,
,,,,,,,,,,,,,,,,,,,,,,,
,,,,,,,,,,,,,,,,,,,,,,,
,,,,,,,,,,,,,,,,,,,,,,,
,,,,,,,,,,,,,,,,,,,,,,,
,,,,,,,,,,,,,,,,,,,,,,,
,,,,,,,,,,,,,,,,,,,,,,,
,,,,,,,,,,,,,,,,,,,,,,,
,,,,,,,,,,,,,,,,,,,,,,,
,,,,,,,,,,,,,,,,,,,,,,,
,,,,,,,,,,,,,,,,,,,,,,,
,,,,,,,,,,,,,,,,,,,,,,,
,,,,,,,,,,,,,,,,,,,,,,,
,,,,,,,,,,,,,,,,,,,,,,,
,,,,,,,,,,,,,,,,,,,,,,,
,,,,,,,,,,,,,,,,,,,,,,,
,,,,,,,,,,,,,,,,,,,,,,,
,,,,,,,,,,,,,,,,,,,,,,,
,,,,,,,,,,,,,,,,,,,,,,,
,,,,,,,,,,,,,,,,,,,,,,,
,,,,,,,,,,,,,,,,,,,,,,,
,,,,,,,,,,,,,,,,,,,,,,,
,,,,,,,,,,,,,,,,,,,,,,,
,,,,,,,,,,,,,,,,,,,,,,,
,,,,,,,,,,,,,,,,,,,,,,,
,,,,,,,,,,,,,,,,,,,,,,,
,,,,,,,,,,,,,,,,,,,,,,,
,,,,,,,,,,,,,,,,,,,,,,,
,,,,,,,,,,,,,,,,,,,,,,,
,,,,,,,,,,,,,,,,,,,,,,,
,,,,,,,,,,,,,,,,,,,,,,,
,,,,,,,,,,,,,,,,,,,,,,,
,,,,,,,,,,,,,,,,,,,,,,,
,,,,,,,,,,,,,,,,,,,,,,,
,,,,,,,,,,,,,,,,,,,,,,,
,,,,,,,,,,,,,,,,,,,,,,,
,,,,,,,,,,,,,,,,,,,,,,,
,,,,,,,,,,,,,,,,,,,,,,,
,,,,,,,,,,,,,,,,,,,,,,,
,,,,,,,,,,,,,,,,,,,,,,,
,,,,,,,,,,,,,,,,,,,,,,,
,,,,,,,,,,,,,,,,,,,,,,,
,,,,,,,,,,,,,,,,,,,,,,,
,,,,,,,,,,,,,,,,,,,,,,,
,,,,,,,,,,,,,,,,,,,,,,,
,,,,,,,,,,,,,,,,,,,,,,,
,,,,,,,,,,,,,,,,,,,,,,,
,,,,,,,,,,,,,,,,,,,,,,,
,,,,,,,,,,,,,,,,,,,,,,,
,,,,,,,,,,,,,,,,,,,,,,,
,,,,,,,,,,,,,,,,,,,,,,,
,,,,,,,,,,,,,,,,,,,,,,,
,,,,,,,,,,,,,,,,,,,,,,,
,,,,,,,,,,,,,,,,,,,,,,,
,,,,,,,,,,,,,,,,,,,,,,,
,,,,,,,,,,,,,,,,,,,,,,,
,,,,,,,,,,,,,,,,,,,,,,,
,,,,,,,,,,,,,,,,,,,,,,,
,,,,,,,,,,,,,,,,,,,,,,,
,,,,,,,,,,,,,,,,,,,,,,,
,,,,,,,,,,,,,,,,,,,,,,,
,,,,,,,,,,,,,,,,,,,,,,,
,,,,,,,,,,,,,,,,,,,,,,,
,,,,,,,,,,,,,,,,,,,,,,,
,,,,,,,,,,,,,,,,,,,,,,,
,,,,,,,,,,,,,,,,,,,,,,,
,,,,,,,,,,,,,,,,,,,,,,,
,,,,,,,,,,,,,,,,,,,,,,,
,,,,,,,,,,,,,,,,,,,,,,,
,,,,,,,,,,,,,,,,,,,,,,,
,,,,,,,,,,,,,,,,,,,,,,,
,,,,,,,,,,,,,,,,,,,,,,,
,,,,,,,,,,,,,,,,,,,,,,,
,,,,,,,,,,,,,,,,,,,,,,,
,,,,,,,,,,,,,,,,,,,,,,,
,,,,,,,,,,,,,,,,,,,,,,,
,,,,,,,,,,,,,,,,,,,,,,,
,,,,,,,,,,,,,,,,,,,,,,,
,,,,,,,,,,,,,,,,,,,,,,,
,,,,,,,,,,,,,,,,,,,,,,,
,,,,,,,,,,,,,,,,,,,,,,,
,,,,,,,,,,,,,,,,,,,,,,,
,,,,,,,,,,,,,,,,,,,,,,,
,,,,,,,,,,,,,,,,,,,,,,,
,,,,,,,,,,,,,,,,,,,,,,,
,,,,,,,,,,,,,,,,,,,,,,,
,,,,,,,,,,,,,,,,,,,,,,,
,,,,,,,,,,,,,,,,,,,,,,,
,,,,,,,,,,,,,,,,,,,,,,,
,,,,,,,,,,,,,,,,,,,,,,,
,,,,,,,,,,,,,,,,,,,,,,,
,,,,,,,,,,,,,,,,,,,,,,,
,,,,,,,,,,,,,,,,,,,,,,,
,,,,,,,,,,,,,,,,,,,,,,,
,,,,,,,,,,,,,,,,,,,,,,,
,,,,,,,,,,,,,,,,,,,,,,,
,,,,,,,,,,,,,,,,,,,,,,,
,,,,,,,,,,,,,,,,,,,,,,,
,,,,,,,,,,,,,,,,,,,,,,,
,,,,,,,,,,,,,,,,,,,,,,,
,,,,,,,,,,,,,,,,,,,,,,,
,,,,,,,,,,,,,,,,,,,,,,,
,,,,,,,,,,,,,,,,,,,,,,,
,,,,,,,,,,,,,,,,,,,,,,,
,,,,,,,,,,,,,,,,,,,,,,,
,,,,,,,,,,,,,,,,,,,,,,,
,,,,,,,,,,,,,,,,,,,,,,,
,,,,,,,,,,,,,,,,,,,,,,,
,,,,,,,,,,,,,,,,,,,,,,,
,,,,,,,,,,,,,,,,,,,,,,,
,,,,,,,,,,,,,,,,,,,,,,,
,,,,,,,,,,,,,,,,,,,,,,,
,,,,,,,,,,,,,,,,,,,,,,,
,,,,,,,,,,,,,,,,,,,,,,,
,,,,,,,,,,,,,,,,,,,,,,,
,,,,,,,,,,,,,,,,,,,,,,,
,,,,,,,,,,,,,,,,,,,,,,,
,,,,,,,,,,,,,,,,,,,,,,,
,,,,,,,,,,,,,,,,,,,,,,,
,,,,,,,,,,,,,,,,,,,,,,,
,,,,,,,,,,,,,,,,,,,,,,,
,,,,,,,,,,,,,,,,,,,,,,,
,,,,,,,,,,,,,,,,,,,,,,,
,,,,,,,,,,,,,,,,,,,,,,,
,,,,,,,,,,,,,,,,,,,,,,,
,,,,,,,,,,,,,,,,,,,,,,,
,,,,,,,,,,,,,,,,,,,,,,,
,,,,,,,,,,,,,,,,,,,,,,,
,,,,,,,,,,,,,,,,,,,,,,,
,,,,,,,,,,,,,,,,,,,,,,,
,,,,,,,,,,,,,,,,,,,,,,,
,,,,,,,,,,,,,,,,,,,,,,,
,,,,,,,,,,,,,,,,,,,,,,,
,,,,,,,,,,,,,,,,,,,,,,,
,,,,,,,,,,,,,,,,,,,,,,,
,,,,,,,,,,,,,,,,,,,,,,,
,,,,,,,,,,,,,,,,,,,,,,,
,,,,,,,,,,,,,,,,,,,,,,,
,,,,,,,,,,,,,,,,,,,,,,,
,,,,,,,,,,,,,,,,,,,,,,,
,,,,,,,,,,,,,,,,,,,,,,,
,,,,,,,,,,,,,,,,,,,,,,,
,,,,,,,,,,,,,,,,,,,,,,,
,,,,,,,,,,,,,,,,,,,,,,,
,,,,,,,,,,,,,,,,,,,,,,,
,,,,,,,,,,,,,,,,,,,,,,,
,,,,,,,,,,,,,,,,,,,,,,,
,,,,,,,,,,,,,,,,,,,,,,,
,,,,,,,,,,,,,,,,,,,,,,,
,,,,,,,,,,,,,,,,,,,,,,,
,,,,,,,,,,,,,,,,,,,,,,,
,,,,,,,,,,,,,,,,,,,,,,,
,,,,,,,,,,,,,,,,,,,,,,,
,,,,,,,,,,,,,,,,,,,,,,,
,,,,,,,,,,,,,,,,,,,,,,,
,,,,,,,,,,,,,,,,,,,,,,,
,,,,,,,,,,,,,,,,,,,,,,,
,,,,,,,,,,,,,,,,,,,,,,,
,,,,,,,,,,,,,,,,,,,,,,,
,,,,,,,,,,,,,,,,,,,,,,,
,,,,,,,,,,,,,,,,,,,,,,,
,,,,,,,,,,,,,,,,,,,,,,,
,,,,,,,,,,,,,,,,,,,,,,,
,,,,,,,,,,,,,,,,,,,,,,,
,,,,,,,,,,,,,,,,,,,,,,,
,,,,,,,,,,,,,,,,,,,,,,,
,,,,,,,,,,,,,,,,,,,,,,,
,,,,,,,,,,,,,,,,,,,,,,,
,,,,,,,,,,,,,,,,,,,,,,,
,,,,,,,,,,,,,,,,,,,,,,,
,,,,,,,,,,,,,,,,,,,,,,,
,,,,,,,,,,,,,,,,,,,,,,,
,,,,,,,,,,,,,,,,,,,,,,,
,,,,,,,,,,,,,,,,,,,,,,,
,,,,,,,,,,,,,,,,,,,,,,,
,,,,,,,,,,,,,,,,,,,,,,,
,,,,,,,,,,,,,,,,,,,,,,,
,,,,,,,,,,,,,,,,,,,,,,,
,,,,,,,,,,,,,,,,,,,,,,,
,,,,,,,,,,,,,,,,,,,,,,,
,,,,,,,,,,,,,,,,,,,,,,,
,,,,,,,,,,,,,,,,,,,,,,,
,,,,,,,,,,,,,,,,,,,,,,,
,,,,,,,,,,,,,,,,,,,,,,,
,,,,,,,,,,,,,,,,,,,,,,,
,,,,,,,,,,,,,,,,,,,,,,,
,,,,,,,,,,,,,,,,,,,,,,,
,,,,,,,,,,,,,,,,,,,,,,,
,,,,,,,,,,,,,,,,,,,,,,,
,,,,,,,,,,,,,,,,,,,,,,,
,,,,,,,,,,,,,,,,,,,,,,,
,,,,,,,,,,,,,,,,,,,,,,,
,,,,,,,,,,,,,,,,,,,,,,,
,,,,,,,,,,,,,,,,,,,,,,,
,,,,,,,,,,,,,,,,,,,,,,,
,,,,,,,,,,,,,,,,,,,,,,,
,,,,,,,,,,,,,,,,,,,,,,,
,,,,,,,,,,,,,,,,,,,,,,,
,,,,,,,,,,,,,,,,,,,,,,,
,,,,,,,,,,,,,,,,,,,,,,,
,,,,,,,,,,,,,,,,,,,,,,,
,,,,,,,,,,,,,,,,,,,,,,,
,,,,,,,,,,,,,,,,,,,,,,,
,,,,,,,,,,,,,,,,,,,,,,,
,,,,,,,,,,,,,,,,,,,,,,,
,,,,,,,,,,,,,,,,,,,,,,,
,,,,,,,,,,,,,,,,,,,,,,,
,,,,,,,,,,,,,,,,,,,,,,,
,,,,,,,,,,,,,,,,,,,,,,,
,,,,,,,,,,,,,,,,,,,,,,,
,,,,,,,,,,,,,,,,,,,,,,,
,,,,,,,,,,,,,,,,,,,,,,,
,,,,,,,,,,,,,,,,,,,,,,,
,,,,,,,,,,,,,,,,,,,,,,,
,,,,,,,,,,,,,,,,,,,,,,,
,,,,,,,,,,,,,,,,,,,,,,,
,,,,,,,,,,,,,,,,,,,,,,,
,,,,,,,,,,,,,,,,,,,,,,,
,,,,,,,,,,,,,,,,,,,,,,,
,,,,,,,,,,,,,,,,,,,,,,,
,,,,,,,,,,,,,,,,,,,,,,,
,,,,,,,,,,,,,,,,,,,,,,,
,,,,,,,,,,,,,,,,,,,,,,,
,,,,,,,,,,,,,,,,,,,,,,,
,,,,,,,,,,,,,,,,,,,,,,,
,,,,,,,,,,,,,,,,,,,,,,,
,,,,,,,,,,,,,,,,,,,,,,,
,,,,,,,,,,,,,,,,,,,,,,,
,,,,,,,,,,,,,,,,,,,,,,,
,,,,,,,,,,,,,,,,,,,,,,,
,,,,,,,,,,,,,,,,,,,,,,,
,,,,,,,,,,,,,,,,,,,,,,,
,,,,,,,,,,,,,,,,,,,,,,,
,,,,,,,,,,,,,,,,,,,,,,,
,,,,,,,,,,,,,,,,,,,,,,,
,,,,,,,,,,,,,,,,,,,,,,,
,,,,,,,,,,,,,,,,,,,,,,,
,,,,,,,,,,,,,,,,,,,,,,,
,,,,,,,,,,,,,,,,,,,,,,,
,,,,,,,,,,,,,,,,,,,,,,,
,,,,,,,,,,,,,,,,,,,,,,,
,,,,,,,,,,,,,,,,,,,,,,,
,,,,,,,,,,,,,,,,,,,,,,,
,,,,,,,,,,,,,,,,,,,,,,,
,,,,,,,,,,,,,,,,,,,,,,,
,,,,,,,,,,,,,,,,,,,,,,,
,,,,,,,,,,,,,,,,,,,,,,,
,,,,,,,,,,,,,,,,,,,,,,,
,,,,,,,,,,,,,,,,,,,,,,,
,,,,,,,,,,,,,,,,,,,,,,,
,,,,,,,,,,,,,,,,,,,,,,,
,,,,,,,,,,,,,,,,,,,,,,,
,,,,,,,,,,,,,,,,,,,,,,,
,,,,,,,,,,,,,,,,,,,,,,,
,,,,,,,,,,,,,,,,,,,,,,,
,,,,,,,,,,,,,,,,,,,,,,,
,,,,,,,,,,,,,,,,,,,,,,,
,,,,,,,,,,,,,,,,,,,,,,,
,,,,,,,,,,,,,,,,,,,,,,,
,,,,,,,,,,,,,,,,,,,,,,,
,,,,,,,,,,,,,,,,,,,,,,,
,,,,,,,,,,,,,,,,,,,,,,,
,,,,,,,,,,,,,,,,,,,,,,,
,,,,,,,,,,,,,,,,,,,,,,,
,,,,,,,,,,,,,,,,,,,,,,,
,,,,,,,,,,,,,,,,,,,,,,,
,,,,,,,,,,,,,,,,,,,,,,,
,,,,,,,,,,,,,,,,,,,,,,,
,,,,,,,,,,,,,,,,,,,,,,,
,,,,,,,,,,,,,,,,,,,,,,,
,,,,,,,,,,,,,,,,,,,,,,,
,,,,,,,,,,,,,,,,,,,,,,,
,,,,,,,,,,,,,,,,,,,,,,,
,,,,,,,,,,,,,,,,,,,,,,,
,,,,,,,,,,,,,,,,,,,,,,,
,,,,,,,,,,,,,,,,,,,,,,,
,,,,,,,,,,,,,,,,,,,,,,,
,,,,,,,,,,,,,,,,,,,,,,,
,,,,,,,,,,,,,,,,,,,,,,,
,,,,,,,,,,,,,,,,,,,,,,,
,,,,,,,,,,,,,,,,,,,,,,,
,,,,,,,,,,,,,,,,,,,,,,,
,,,,,,,,,,,,,,,,,,,,,,,
,,,,,,,,,,,,,,,,,,,,,,,
,,,,,,,,,,,,,,,,,,,,,,,
,,,,,,,,,,,,,,,,,,,,,,,
,,,,,,,,,,,,,,,,,,,,,,,
,,,,,,,,,,,,,,,,,,,,,,,
,,,,,,,,,,,,,,,,,,,,,,,
,,,,,,,,,,,,,,,,,,,,,,,
,,,,,,,,,,,,,,,,,,,,,,,
,,,,,,,,,,,,,,,,,,,,,,,
,,,,,,,,,,,,,,,,,,,,,,,
,,,,,,,,,,,,,,,,,,,,,,,
,,,,,,,,,,,,,,,,,,,,,,,
,,,,,,,,,,,,,,,,,,,,,,,
,,,,,,,,,,,,,,,,,,,,,,,
,,,,,,,,,,,,,,,,,,,,,,,
,,,,,,,,,,,,,,,,,,,,,,,
,,,,,,,,,,,,,,,,,,,,,,,
,,,,,,,,,,,,,,,,,,,,,,,
,,,,,,,,,,,,,,,,,,,,,,,
,,,,,,,,,,,,,,,,,,,,,,,
,,,,,,,,,,,,,,,,,,,,,,,
,,,,,,,,,,,,,,,,,,,,,,,
,,,,,,,,,,,,,,,,,,,,,,,
,,,,,,,,,,,,,,,,,,,,,,,
,,,,,,,,,,,,,,,,,,,,,,,
,,,,,,,,,,,,,,,,,,,,,,,
,,,,,,,,,,,,,,,,,,,,,,,
,,,,,,,,,,,,,,,,,,,,,,,
,,,,,,,,,,,,,,,,,,,,,,,
,,,,,,,,,,,,,,,,,,,,,,,
,,,,,,,,,,,,,,,,,,,,,,,
,,,,,,,,,,,,,,,,,,,,,,,
,,,,,,,,,,,,,,,,,,,,,,,
,,,,,,,,,,,,,,,,,,,,,,,
,,,,,,,,,,,,,,,,,,,,,,,
,,,,,,,,,,,,,,,,,,,,,,,
,,,,,,,,,,,,,,,,,,,,,,,
,,,,,,,,,,,,,,,,,,,,,,,
,,,,,,,,,,,,,,,,,,,,,,,
,,,,,,,,,,,,,,,,,,,,,,,
,,,,,,,,,,,,,,,,,,,,,,,
,,,,,,,,,,,,,,,,,,,,,,,
,,,,,,,,,,,,,,,,,,,,,,,
,,,,,,,,,,,,,,,,,,,,,,,
,,,,,,,,,,,,,,,,,,,,,,,
,,,,,,,,,,,,,,,,,,,,,,,
,,,,,,,,,,,,,,,,,,,,,,,
,,,,,,,,,,,,,,,,,,,,,,,
,,,,,,,,,,,,,,,,,,,,,,,
,,,,,,,,,,,,,,,,,,,,,,,
,,,,,,,,,,,,,,,,,,,,,,,
,,,,,,,,,,,,,,,,,,,,,,,
,,,,,,,,,,,,,,,,,,,,,,,
,,,,,,,,,,,,,,,,,,,,,,,
,,,,,,,,,,,,,,,,,,,,,,,
,,,,,,,,,,,,,,,,,,,,,,,
,,,,,,,,,,,,,,,,,,,,,,,
,,,,,,,,,,,,,,,,,,,,,,,
,,,,,,,,,,,,,,,,,,,,,,,
,,,,,,,,,,,,,,,,,,,,,,,
,,,,,,,,,,,,,,,,,,,,,,,
,,,,,,,,,,,,,,,,,,,,,,,
,,,,,,,,,,,,,,,,,,,,,,,
,,,,,,,,,,,,,,,,,,,,,,,
,,,,,,,,,,,,,,,,,,,,,,,
,,,,,,,,,,,,,,,,,,,,,,,
,,,,,,,,,,,,,,,,,,,,,,,
,,,,,,,,,,,,,,,,,,,,,,,
,,,,,,,,,,,,,,,,,,,,,,,
,,,,,,,,,,,,,,,,,,,,,,,
,,,,,,,,,,,,,,,,,,,,,,,
,,,,,,,,,,,,,,,,,,,,,,,
,,,,,,,,,,,,,,,,,,,,,,,
,,,,,,,,,,,,,,,,,,,,,,,
,,,,,,,,,,,,,,,,,,,,,,,
,,,,,,,,,,,,,,,,,,,,,,,
,,,,,,,,,,,,,,,,,,,,,,,
,,,,,,,,,,,,,,,,,,,,,,,
,,,,,,,,,,,,,,,,,,,,,,,
,,,,,,,,,,,,,,,,,,,,,,,
,,,,,,,,,,,,,,,,,,,,,,,
,,,,,,,,,,,,,,,,,,,,,,,
,,,,,,,,,,,,,,,,,,,,,,,
,,,,,,,,,,,,,,,,,,,,,,,
,,,,,,,,,,,,,,,,,,,,,,,